date,attendance_concerts,attendance_conferences,attendance_expos,attendance_festivals,attendance_performing_arts,attendance_sports,total_attendance,month_day
2016-06-17,3605,0,98,40698,0,0,44402,06-17
2016-06-18,2620,0,86,48836,970,0,52514,06-18
2016-06-19,688,350,84,0,1263,0,2387,06-19
2016-06-20,1752,350,0,0,0,0,2102,06-20
2016-06-21,1763,350,230,0,0,0,2343,06-21
2016-06-22,812,350,86,0,0,0,1249,06-22
2016-06-23,2872,0,125,353,0,0,3350,06-23
2016-06-24,1703,10500,244,0,0,0,12448,06-24
2016-06-25,1484,10500,124,0,0,0,12109,06-25
2016-06-26,3024,10500,116,0,0,0,13640,06-26
2016-06-27,0,10500,0,210,0,0,10710,06-27
2016-06-28,375,10500,177,0,0,0,11053,06-28
2016-06-29,618,0,235,0,0,0,854,06-29
2016-06-30,3609,0,86,796,0,0,4491,06-30
2016-07-01,2528,0,186,418,0,0,3133,07-01
2016-07-02,1548,0,116,249,0,0,1914,07-02
2016-07-03,3956,0,158,208,0,0,4323,07-03
2016-07-04,4720,0,198,166,0,0,5085,07-04
2016-07-05,2276,0,395,796,0,0,3468,07-05
2016-07-06,1680,0,173,166,0,0,2020,07-06
2016-07-07,268,0,206,796,0,0,1271,07-07
2016-07-08,3972,0,142,208,0,0,4323,07-08
2016-07-09,2097,0,177,249,0,0,2524,07-09
2016-07-10,1517,0,121,0,0,0,1638,07-10
2016-07-11,403,350,145,0,0,0,898,07-11
2016-07-12,0,350,209,0,0,0,559,07-12
2016-07-13,164,350,164,65246,0,0,65925,07-13
2016-07-14,1280,350,484,66553,175,0,68843,07-14
2016-07-15,1390,350,147,83190,0,0,85078,07-15
2016-07-16,1920,0,125,99829,0,0,101875,07-16
2016-07-17,1513,0,827,83190,0,0,85531,07-17
2016-07-18,1416,0,709,66553,0,0,68679,07-18
2016-07-19,0,0,692,66553,0,0,67245,07-19
2016-07-20,403,0,756,66553,969,0,68681,07-20
2016-07-21,403,0,692,66553,969,0,68618,07-21
2016-07-22,760,0,842,83190,2233,0,87027,07-22
2016-07-23,1003,0,163,99829,2233,0,103230,07-23
2016-07-24,1859,0,149,83190,969,0,86169,07-24
2016-07-25,0,0,395,66553,0,0,66948,07-25
2016-07-26,0,0,173,66553,1938,0,68665,07-26
2016-07-27,0,0,209,66553,3729,0,70492,07-27
2016-07-28,0,0,226,66553,4167,0,70946,07-28
2016-07-29,1831,0,249,83190,2403,0,87675,07-29
2016-07-30,2125,0,163,99829,1614,0,103733,07-30
2016-07-31,0,0,154,83190,612,0,83958,07-31
2016-08-01,0,0,0,300416,0,0,300416,08-01
2016-08-02,0,0,0,300416,0,0,300416,08-02
2016-08-03,0,0,251,300416,0,0,300668,08-03
2016-08-04,1442,0,252,297500,0,0,299194,08-04
2016-08-05,762,0,4991,371875,0,0,377628,08-05
2016-08-06,1941,0,4921,446250,0,0,453112,08-06
2016-08-07,0,0,4855,373485,0,0,378340,08-07
2016-08-08,0,0,0,0,0,0,0,08-08
2016-08-09,1939,0,0,0,0,0,1939,08-09
2016-08-10,0,0,0,258,1263,0,1521,08-10
2016-08-11,1019,0,0,611,1263,0,2894,08-11
2016-08-12,556,0,0,322,1263,0,2142,08-12
2016-08-13,1044,0,0,387,2527,0,3958,08-13
2016-08-14,3355,700,0,322,1263,0,5641,08-14
2016-08-15,0,700,0,258,0,0,958,08-15
2016-08-16,1901,700,0,258,0,0,2860,08-16
2016-08-17,0,700,0,258,1263,0,2221,08-17
2016-08-18,0,700,0,258,1263,0,2221,08-18
2016-08-19,723,700,0,0,0,0,1423,08-19
2016-08-20,2086,0,0,0,0,0,2086,08-20
2016-08-21,0,350,0,0,0,0,350,08-21
2016-08-22,1609,350,0,0,0,0,1959,08-22
2016-08-23,1616,350,0,6810,1263,0,10040,08-23
2016-08-24,1654,350,0,5618,0,0,7623,08-24
2016-08-25,476,350,0,10474,0,0,11301,08-25
2016-08-26,4167,0,0,12858,0,0,17026,08-26
2016-08-27,2410,0,0,14848,0,0,17258,08-27
2016-08-28,1494,0,0,10379,0,0,11874,08-28
2016-08-29,1562,0,0,0,0,0,1562,08-29
2016-08-30,0,0,0,0,0,0,0,08-30
2016-08-31,1654,0,0,0,0,0,1654,08-31
2016-09-01,1409,0,0,0,0,0,1409,09-01
2016-09-02,855,0,0,1307,0,0,2163,09-02
2016-09-03,2013,0,0,1477,0,0,3490,09-03
2016-09-04,403,0,0,1025,0,0,1428,09-04
2016-09-05,0,0,0,0,0,0,0,09-05
2016-09-06,278,0,0,0,0,0,278,09-06
2016-09-07,1649,0,1750,0,0,0,3399,09-07
2016-09-08,1075,350,3341,0,0,0,4767,09-08
2016-09-09,1781,0,1908,0,0,0,3690,09-09
2016-09-10,2254,0,0,0,0,0,2254,09-10
2016-09-11,0,350,0,0,0,0,350,09-11
2016-09-12,1276,350,0,0,0,0,1626,09-12
2016-09-13,0,350,0,0,0,0,350,09-13
2016-09-14,1290,350,0,0,0,0,1640,09-14
2016-09-15,1250,0,0,0,0,0,1250,09-15
2016-09-16,2044,0,0,0,0,0,2044,09-16
2016-09-17,1235,0,0,0,0,0,1235,09-17
2016-09-18,0,0,0,0,0,0,0,09-18
2016-09-19,287,0,0,0,0,0,287,09-19
2016-09-20,1498,3500,0,0,0,0,4998,09-20
2016-09-21,1498,0,1050,0,0,0,2548,09-21
2016-09-22,193,0,1050,0,0,0,1243,09-22
2016-09-23,442,0,0,1610,0,210,2262,09-23
2016-09-24,3152,0,3500,0,0,0,6652,09-24
2016-09-25,0,0,0,0,0,0,0,09-25
2016-09-26,1448,0,0,0,0,0,1448,09-26
2016-09-27,2101,0,0,0,0,0,2101,09-27
2016-09-28,142,0,0,0,0,0,142,09-28
2016-09-29,1684,0,0,0,0,0,1684,09-29
2016-09-30,2813,0,0,0,0,0,2813,09-30
2016-10-01,1936,0,0,0,0,0,1936,10-01
2016-10-02,2354,0,0,0,0,0,2354,10-02
2016-10-03,403,0,0,0,0,0,403,10-03
2016-10-04,1932,0,0,0,0,0,1932,10-04
2016-10-05,2872,350,0,0,0,0,3222,10-05
2016-10-06,373,350,0,0,1439,0,2163,10-06
2016-10-07,4269,0,0,0,1439,0,5708,10-07
2016-10-08,2955,0,7000,0,1439,0,11394,10-08
2016-10-09,354,0,7000,0,1145,0,8500,10-09
2016-10-10,1183,0,0,0,0,0,1183,10-10
2016-10-11,2020,0,0,0,0,0,2020,10-11
2016-10-12,1610,350,0,0,0,0,1959,10-12
2016-10-13,2420,350,0,0,0,0,2770,10-13
2016-10-14,152,350,0,0,0,0,502,10-14
2016-10-15,1468,0,0,1171,0,0,2640,10-15
2016-10-16,1568,0,3056,976,0,0,5602,10-16
2016-10-17,1578,0,2547,781,0,0,4907,10-17
2016-10-18,1475,1050,0,781,0,0,3306,10-18
2016-10-19,2492,1400,0,781,0,0,4673,10-19
2016-10-20,1849,1400,0,781,0,0,4030,10-20
2016-10-21,1736,1400,0,976,0,0,4112,10-21
2016-10-22,2340,350,0,1171,0,0,3862,10-22
2016-10-23,0,350,1312,976,0,0,2639,10-23
2016-10-24,1966,0,1093,0,0,0,3059,10-24
2016-10-25,1329,0,1093,0,0,0,2422,10-25
2016-10-26,1773,350,0,0,0,0,2123,10-26
2016-10-27,1882,700,0,0,0,0,2582,10-27
2016-10-28,667,350,8458,0,0,0,9475,10-28
2016-10-29,2527,350,9158,0,0,0,12035,10-29
2016-10-30,361,0,9158,0,0,0,9520,10-30
2016-10-31,0,0,0,0,0,0,0,10-31
2016-11-01,403,350,0,0,0,0,753,11-01
2016-11-02,0,350,0,0,0,0,350,11-02
2016-11-03,1509,0,0,0,0,0,1509,11-03
2016-11-04,1892,0,0,0,0,0,1892,11-04
2016-11-05,2039,0,0,0,0,0,2039,11-05
2016-11-06,1199,0,0,0,0,0,1199,11-06
2016-11-07,1816,0,0,0,0,0,1816,11-07
2016-11-08,0,0,0,0,0,0,0,11-08
2016-11-09,403,350,7000,0,0,0,7753,11-09
2016-11-10,1440,350,7000,0,0,0,8790,11-10
2016-11-11,2385,350,0,0,0,210,2945,11-11
2016-11-12,2691,350,0,0,0,0,3041,11-12
2016-11-13,3248,350,0,0,0,0,3597,11-13
2016-11-14,1843,0,0,0,0,0,1843,11-14
2016-11-15,0,0,0,0,0,0,0,11-15
2016-11-16,1881,0,0,0,0,0,1881,11-16
2016-11-17,2017,0,0,0,0,0,2017,11-17
2016-11-18,2356,0,0,0,0,0,2356,11-18
2016-11-19,3748,0,0,0,0,0,3748,11-19
2016-11-20,1711,0,0,0,0,0,1711,11-20
2016-11-21,1501,0,0,0,0,0,1501,11-21
2016-11-22,1281,0,0,0,0,0,1281,11-22
2016-11-23,1509,0,625,0,0,0,2135,11-23
2016-11-24,3035,0,625,0,0,0,3660,11-24
2016-11-25,2513,0,749,0,0,0,3263,11-25
2016-11-26,2761,0,749,0,0,0,3511,11-26
2016-11-27,3681,0,749,0,0,0,4431,11-27
2016-11-28,0,0,0,0,0,0,0,11-28
2016-11-29,39,0,0,0,0,0,39,11-29
2016-11-30,2464,0,0,0,0,0,2464,11-30
2016-12-01,3004,0,0,0,0,0,3004,12-01
2016-12-02,2115,0,0,0,0,0,2115,12-02
2016-12-03,3532,0,0,0,0,0,3532,12-03
2016-12-04,1546,0,0,0,0,0,1546,12-04
2016-12-05,0,0,0,0,0,0,0,12-05
2016-12-06,403,0,0,0,0,0,403,12-06
2016-12-07,1927,244,0,0,0,0,2172,12-07
2016-12-08,2472,244,5737,0,0,0,8455,12-08
2016-12-09,1687,244,6885,0,0,0,8817,12-09
2016-12-10,1730,244,6885,763,0,0,9623,12-10
2016-12-11,3896,244,6885,636,0,0,11662,12-11
2016-12-12,403,244,5737,0,0,0,6386,12-12
2016-12-13,403,244,5737,0,0,0,6386,12-13
2016-12-14,1915,244,5737,0,0,0,7898,12-14
2016-12-15,1523,244,5737,0,0,0,7506,12-15
2016-12-16,2302,244,6885,0,0,210,9642,12-16
2016-12-17,1007,244,6885,0,0,0,8137,12-17
2016-12-18,1640,244,6885,0,0,0,8770,12-18
2016-12-19,0,244,0,0,0,0,244,12-19
2016-12-20,0,0,0,0,0,0,0,12-20
2016-12-21,1477,0,0,0,0,0,1477,12-21
2016-12-22,1941,0,0,0,0,0,1941,12-22
2016-12-23,1929,0,0,0,0,0,1929,12-23
2016-12-24,0,0,0,0,0,0,0,12-24
2016-12-25,0,0,0,0,0,0,0,12-25
2016-12-26,0,0,0,0,0,0,0,12-26
2016-12-27,410,0,0,0,0,0,410,12-27
2016-12-28,359,0,0,0,0,0,359,12-28
2016-12-29,1829,0,0,0,0,0,1829,12-29
2016-12-30,2898,0,0,0,0,0,2898,12-30
2016-12-31,3214,0,0,0,0,0,3214,12-31
2017-06-17,3863,0,105,43605,0,0,47574,06-17
2017-06-18,2808,0,93,52325,1039,0,56265,06-18
2017-06-19,738,375,90,0,1353,0,2557,06-19
2017-06-20,1878,375,0,0,0,0,2253,06-20
2017-06-21,1889,375,246,0,0,0,2511,06-21
2017-06-22,870,375,93,0,0,0,1338,06-22
2017-06-23,3077,0,134,378,0,0,3590,06-23
2017-06-24,1824,11250,262,0,0,0,13337,06-24
2017-06-25,1590,11250,133,0,0,0,12974,06-25
2017-06-26,3240,11250,125,0,0,0,14615,06-26
2017-06-27,0,11250,0,225,0,0,11475,06-27
2017-06-28,402,11250,189,0,0,0,11842,06-28
2017-06-29,663,0,252,0,0,0,915,06-29
2017-06-30,3867,0,92,853,0,0,4812,06-30
2017-07-01,2709,0,199,448,0,0,3357,07-01
2017-07-02,1659,0,124,267,0,0,2051,07-02
2017-07-03,4239,0,170,223,0,0,4632,07-03
2017-07-04,5058,0,212,178,0,0,5448,07-04
2017-07-05,2439,0,423,853,0,0,3716,07-05
2017-07-06,1800,0,186,178,0,0,2165,07-06
2017-07-07,288,0,221,853,0,0,1362,07-07
2017-07-08,4256,0,152,223,0,0,4632,07-08
2017-07-09,2247,0,189,267,0,0,2704,07-09
2017-07-10,1626,0,129,0,0,0,1755,07-10
2017-07-11,432,375,156,0,0,0,963,07-11
2017-07-12,0,375,224,0,0,0,599,07-12
2017-07-13,176,375,176,69906,0,0,70634,07-13
2017-07-14,1371,375,519,71307,188,0,73761,07-14
2017-07-15,1490,375,157,89133,0,0,91155,07-15
2017-07-16,2058,0,134,106960,0,0,109152,07-16
2017-07-17,1621,0,886,89133,0,0,91641,07-17
2017-07-18,1517,0,760,71307,0,0,73584,07-18
2017-07-19,0,0,741,71307,0,0,72048,07-19
2017-07-20,432,0,810,71307,1038,0,73587,07-20
2017-07-21,432,0,741,71307,1038,0,73519,07-21
2017-07-22,814,0,903,89133,2393,0,93243,07-22
2017-07-23,1075,0,174,106960,2393,0,110604,07-23
2017-07-24,1992,0,160,89133,1038,0,92324,07-24
2017-07-25,0,0,423,71307,0,0,71730,07-25
2017-07-26,0,0,186,71307,2076,0,73569,07-26
2017-07-27,0,0,224,71307,3996,0,75527,07-27
2017-07-28,0,0,242,71307,4464,0,76014,07-28
2017-07-29,1962,0,267,89133,2575,0,93938,07-29
2017-07-30,2277,0,174,106960,1730,0,111142,07-30
2017-07-31,0,0,165,89133,656,0,89955,07-31
2017-08-01,0,0,0,321875,0,0,321875,08-01
2017-08-02,0,0,0,321875,0,0,321875,08-02
2017-08-03,0,0,270,321875,0,0,322145,08-03
2017-08-04,1545,0,270,318750,0,0,320565,08-04
2017-08-05,816,0,5347,398437,0,0,404601,08-05
2017-08-06,2079,0,5273,478125,0,0,485478,08-06
2017-08-07,0,0,5202,400162,0,0,405365,08-07
2017-08-08,0,0,0,0,0,0,0,08-08
2017-08-09,2078,0,0,0,0,0,2078,08-09
2017-08-10,0,0,0,276,1353,0,1630,08-10
2017-08-11,1092,0,0,655,1353,0,3101,08-11
2017-08-12,596,0,0,345,1353,0,2295,08-12
2017-08-13,1119,0,0,414,2707,0,4241,08-13
2017-08-14,3594,750,0,345,1353,0,6044,08-14
2017-08-15,0,750,0,276,0,0,1026,08-15
2017-08-16,2037,750,0,276,0,0,3064,08-16
2017-08-17,0,750,0,276,1353,0,2380,08-17
2017-08-18,0,750,0,276,1353,0,2380,08-18
2017-08-19,774,750,0,0,0,0,1524,08-19
2017-08-20,2235,0,0,0,0,0,2235,08-20
2017-08-21,0,375,0,0,0,0,375,08-21
2017-08-22,1724,375,0,0,0,0,2099,08-22
2017-08-23,1731,375,0,7296,1353,0,10757,08-23
2017-08-24,1773,375,0,6020,0,0,8168,08-24
2017-08-25,510,375,0,11223,0,0,12108,08-25
2017-08-26,4465,0,0,13776,0,0,18242,08-26
2017-08-27,2582,0,0,15909,0,0,18491,08-27
2017-08-28,1601,0,0,11121,0,0,12722,08-28
2017-08-29,1674,0,0,0,0,0,1674,08-29
2017-08-30,0,0,0,0,0,0,0,08-30
2017-08-31,1772,0,0,0,0,0,1772,08-31
2017-09-01,1510,0,0,0,0,0,1510,09-01
2017-09-02,916,0,0,1401,0,0,2317,09-02
2017-09-03,2157,0,0,1583,0,0,3740,09-03
2017-09-04,432,0,0,1098,0,0,1530,09-04
2017-09-05,0,0,0,0,0,0,0,09-05
2017-09-06,298,0,0,0,0,0,298,09-06
2017-09-07,1767,0,1875,0,0,0,3642,09-07
2017-09-08,1152,375,3579,0,0,0,5107,09-08
2017-09-09,1908,0,2045,0,0,0,3954,09-09
2017-09-10,2415,0,0,0,0,0,2415,09-10
2017-09-11,0,375,0,0,0,0,375,09-11
2017-09-12,1367,375,0,0,0,0,1742,09-12
2017-09-13,0,375,0,0,0,0,375,09-13
2017-09-14,1383,375,0,0,0,0,1758,09-14
2017-09-15,1340,0,0,0,0,0,1340,09-15
2017-09-16,2190,0,0,0,0,0,2190,09-16
2017-09-17,1323,0,0,0,0,0,1323,09-17
2017-09-18,0,0,0,0,0,0,0,09-18
2017-09-19,307,0,0,0,0,0,307,09-19
2017-09-20,1605,3750,0,0,0,0,5355,09-20
2017-09-21,1605,0,1125,0,0,0,2730,09-21
2017-09-22,207,0,1125,0,0,0,1332,09-22
2017-09-23,474,0,0,1725,0,225,2424,09-23
2017-09-24,3377,0,3750,0,0,0,7127,09-24
2017-09-25,0,0,0,0,0,0,0,09-25
2017-09-26,1551,0,0,0,0,0,1551,09-26
2017-09-27,2251,0,0,0,0,0,2251,09-27
2017-09-28,153,0,0,0,0,0,153,09-28
2017-09-29,1804,0,0,0,0,0,1804,09-29
2017-09-30,3014,0,0,0,0,0,3014,09-30
2017-10-01,2074,0,0,0,0,0,2074,10-01
2017-10-02,2522,0,0,0,0,0,2522,10-02
2017-10-03,432,0,0,0,0,0,432,10-03
2017-10-04,2070,0,0,0,0,0,2070,10-04
2017-10-05,3077,375,0,0,0,0,3452,10-05
2017-10-06,400,375,0,0,1542,0,2317,10-06
2017-10-07,4574,0,0,0,1542,0,6116,10-07
2017-10-08,3166,0,7500,0,1542,0,12208,10-08
2017-10-09,380,0,7500,0,1227,0,9107,10-09
2017-10-10,1268,0,0,0,0,0,1268,10-10
2017-10-11,2165,0,0,0,0,0,2165,10-11
2017-10-12,1725,375,0,0,0,0,2100,10-12
2017-10-13,2593,375,0,0,0,0,2968,10-13
2017-10-14,163,375,0,0,0,0,538,10-14
2017-10-15,1573,0,0,1255,0,0,2829,10-15
2017-10-16,1680,0,3275,1046,0,0,6002,10-16
2017-10-17,1691,0,2729,837,0,0,5257,10-17
2017-10-18,1581,1125,0,837,0,0,3543,10-18
2017-10-19,2670,1500,0,837,0,0,5007,10-19
2017-10-20,1981,1500,0,837,0,0,4318,10-20
2017-10-21,1860,1500,0,1046,0,0,4406,10-21
2017-10-22,2508,375,0,1255,0,0,4138,10-22
2017-10-23,0,375,1406,1046,0,0,2827,10-23
2017-10-24,2106,0,1171,0,0,0,3278,10-24
2017-10-25,1424,0,1171,0,0,0,2595,10-25
2017-10-26,1900,375,0,0,0,0,2275,10-26
2017-10-27,2016,750,0,0,0,0,2766,10-27
2017-10-28,714,375,9062,0,0,0,10152,10-28
2017-10-29,2707,375,9812,0,0,0,12894,10-29
2017-10-30,387,0,9812,0,0,0,10200,10-30
2017-10-31,0,0,0,0,0,0,0,10-31
2017-11-01,432,375,0,0,0,0,807,11-01
2017-11-02,0,375,0,0,0,0,375,11-02
2017-11-03,1617,0,0,0,0,0,1617,11-03
2017-11-04,2028,0,0,0,0,0,2028,11-04
2017-11-05,2184,0,0,0,0,0,2184,11-05
2017-11-06,1285,0,0,0,0,0,1285,11-06
2017-11-07,1946,0,0,0,0,0,1946,11-07
2017-11-08,0,0,0,0,0,0,0,11-08
2017-11-09,432,375,7500,0,0,0,8307,11-09
2017-11-10,1543,375,7500,0,0,0,9418,11-10
2017-11-11,2556,375,0,0,0,225,3156,11-11
2017-11-12,2883,375,0,0,0,0,3258,11-12
2017-11-13,3480,375,0,0,0,0,3855,11-13
2017-11-14,1974,0,0,0,0,0,1974,11-14
2017-11-15,0,0,0,0,0,0,0,11-15
2017-11-16,2016,0,0,0,0,0,2016,11-16
2017-11-17,2161,0,0,0,0,0,2161,11-17
2017-11-18,2525,0,0,0,0,0,2525,11-18
2017-11-19,4016,0,0,0,0,0,4016,11-19
2017-11-20,1833,0,0,0,0,0,1833,11-20
2017-11-21,1608,0,0,0,0,0,1608,11-21
2017-11-22,1373,0,0,0,0,0,1373,11-22
2017-11-23,1617,0,669,0,0,0,2287,11-23
2017-11-24,3252,0,669,0,0,0,3922,11-24
2017-11-25,2693,0,803,0,0,0,3496,11-25
2017-11-26,2958,0,803,0,0,0,3762,11-26
2017-11-27,3945,0,803,0,0,0,4748,11-27
2017-11-28,0,0,0,0,0,0,0,11-28
2017-11-29,42,0,0,0,0,0,42,11-29
2017-11-30,2640,0,0,0,0,0,2640,11-30
2017-12-01,3219,0,0,0,0,0,3219,12-01
2017-12-02,2266,0,0,0,0,0,2266,12-02
2017-12-03,3784,0,0,0,0,0,3784,12-03
2017-12-04,1656,0,0,0,0,0,1656,12-04
2017-12-05,0,0,0,0,0,0,0,12-05
2017-12-06,432,0,0,0,0,0,432,12-06
2017-12-07,2065,262,0,0,0,0,2328,12-07
2017-12-08,2649,262,6147,0,0,0,9059,12-08
2017-12-09,1807,262,7377,0,0,0,9447,12-09
2017-12-10,1854,262,7377,817,0,0,10311,12-10
2017-12-11,4174,262,7377,681,0,0,12495,12-11
2017-12-12,432,262,6147,0,0,0,6842,12-12
2017-12-13,432,262,6147,0,0,0,6842,12-13
2017-12-14,2052,262,6147,0,0,0,8462,12-14
2017-12-15,1632,262,6147,0,0,0,8043,12-15
2017-12-16,2466,262,7377,0,0,225,10331,12-16
2017-12-17,1079,262,7377,0,0,0,8718,12-17
2017-12-18,1757,262,7377,0,0,0,9396,12-18
2017-12-19,0,262,0,0,0,0,262,12-19
2017-12-20,0,0,0,0,0,0,0,12-20
2017-12-21,1582,0,0,0,0,0,1582,12-21
2017-12-22,2079,0,0,0,0,0,2079,12-22
2017-12-23,2067,0,0,0,0,0,2067,12-23
2017-12-24,0,0,0,0,0,0,0,12-24
2017-12-25,0,0,0,0,0,0,0,12-25
2017-12-26,0,0,0,0,0,0,0,12-26
2017-12-27,440,0,0,0,0,0,440,12-27
2017-12-28,384,0,0,0,0,0,384,12-28
2017-12-29,1960,0,0,0,0,0,1960,12-29
2017-12-30,3105,0,0,0,0,0,3105,12-30
2017-12-31,3444,0,0,0,0,0,3444,12-31
2018-06-17,4120,0,112,46512,0,0,50745,06-17
2018-06-18,2995,0,99,55813,1108,0,60016,06-18
2018-06-19,787,400,96,0,1444,0,2728,06-19
2018-06-20,2003,400,0,0,0,0,2403,06-20
2018-06-21,2015,400,263,0,0,0,2678,06-21
2018-06-22,928,400,99,0,0,0,1428,06-22
2018-06-23,3282,0,143,404,0,0,3829,06-23
2018-06-24,1946,12000,280,0,0,0,14226,06-24
2018-06-25,1696,12000,142,0,0,0,13839,06-25
2018-06-26,3456,12000,133,0,0,0,15589,06-26
2018-06-27,0,12000,0,240,0,0,12240,06-27
2018-06-28,429,12000,202,0,0,0,12632,06-28
2018-06-29,707,0,269,0,0,0,976,06-29
2018-06-30,4124,0,98,910,0,0,5133,06-30
2018-07-01,2889,0,212,478,0,0,3580,07-01
2018-07-02,1769,0,132,285,0,0,2188,07-02
2018-07-03,4521,0,181,238,0,0,4941,07-03
2018-07-04,5395,0,226,190,0,0,5812,07-04
2018-07-05,2601,0,452,910,0,0,3964,07-05
2018-07-06,1920,0,198,190,0,0,2309,07-06
2018-07-07,307,0,236,910,0,0,1453,07-07
2018-07-08,4540,0,162,238,0,0,4940,07-08
2018-07-09,2396,0,202,285,0,0,2884,07-09
2018-07-10,1734,0,138,0,0,0,1872,07-10
2018-07-11,460,400,166,0,0,0,1027,07-11
2018-07-12,0,400,239,0,0,0,639,07-12
2018-07-13,188,400,188,74567,0,0,75343,07-13
2018-07-14,1463,400,553,76060,200,0,78678,07-14
2018-07-15,1589,400,168,95075,0,0,97232,07-15
2018-07-16,2195,0,143,114091,0,0,116429,07-16
2018-07-17,1729,0,945,95075,0,0,97750,07-17
2018-07-18,1618,0,811,76060,0,0,78490,07-18
2018-07-19,0,0,791,76060,0,0,76852,07-19
2018-07-20,460,0,864,76060,1108,0,78493,07-20
2018-07-21,460,0,791,76060,1108,0,78420,07-21
2018-07-22,868,0,963,95075,2552,0,99460,07-22
2018-07-23,1147,0,186,114091,2552,0,117977,07-23
2018-07-24,2124,0,171,95075,1108,0,98479,07-24
2018-07-25,0,0,452,76060,0,0,76512,07-25
2018-07-26,0,0,198,76060,2215,0,78474,07-26
2018-07-27,0,0,239,76060,4262,0,80562,07-27
2018-07-28,0,0,258,76060,4762,0,81081,07-28
2018-07-29,2093,0,284,95075,2747,0,100200,07-29
2018-07-30,2428,0,186,114091,1845,0,118552,07-30
2018-07-31,0,0,176,95075,700,0,95952,07-31
2018-08-01,0,0,0,343333,0,0,343333,08-01
2018-08-02,0,0,0,343333,0,0,343333,08-02
2018-08-03,0,0,288,343333,0,0,343621,08-03
2018-08-04,1648,0,288,340000,0,0,341936,08-04
2018-08-05,871,0,5704,425000,0,0,431575,08-05
2018-08-06,2218,0,5624,510000,0,0,517843,08-06
2018-08-07,0,0,5549,426840,0,0,432389,08-07
2018-08-08,0,0,0,0,0,0,0,08-08
2018-08-09,2216,0,0,0,0,0,2216,08-09
2018-08-10,0,0,0,295,1444,0,1739,08-10
2018-08-11,1164,0,0,699,1444,0,3308,08-11
2018-08-12,636,0,0,368,1444,0,2448,08-12
2018-08-13,1193,0,0,442,2888,0,4524,08-13
2018-08-14,3834,800,0,368,1444,0,6447,08-14
2018-08-15,0,800,0,295,0,0,1095,08-15
2018-08-16,2173,800,0,295,0,0,3268,08-16
2018-08-17,0,800,0,295,1444,0,2539,08-17
2018-08-18,0,800,0,295,1444,0,2539,08-18
2018-08-19,826,800,0,0,0,0,1626,08-19
2018-08-20,2384,0,0,0,0,0,2384,08-20
2018-08-21,0,400,0,0,0,0,400,08-21
2018-08-22,1839,400,0,0,0,0,2239,08-22
2018-08-23,1847,400,0,7783,1444,0,11474,08-23
2018-08-24,1891,400,0,6421,0,0,8712,08-24
2018-08-25,544,400,0,11971,0,0,12916,08-25
2018-08-26,4763,0,0,14695,0,0,19458,08-26
2018-08-27,2754,0,0,16969,0,0,19724,08-27
2018-08-28,1708,0,0,11862,0,0,13570,08-28
2018-08-29,1785,0,0,0,0,0,1785,08-29
2018-08-30,0,0,0,0,0,0,0,08-30
2018-08-31,1890,0,0,0,0,0,1890,08-31
2018-09-01,1611,0,0,0,0,0,1611,09-01
2018-09-02,977,0,0,1494,0,0,2472,09-02
2018-09-03,2300,0,0,1688,0,0,3989,09-03
2018-09-04,460,0,0,1172,0,0,1632,09-04
2018-09-05,0,0,0,0,0,0,0,09-05
2018-09-06,318,0,0,0,0,0,318,09-06
2018-09-07,1884,0,2000,0,0,0,3884,09-07
2018-09-08,1229,400,3818,0,0,0,5448,09-08
2018-09-09,2036,0,2181,0,0,0,4217,09-09
2018-09-10,2576,0,0,0,0,0,2576,09-10
2018-09-11,0,400,0,0,0,0,400,09-11
2018-09-12,1458,400,0,0,0,0,1858,09-12
2018-09-13,0,400,0,0,0,0,400,09-13
2018-09-14,1475,400,0,0,0,0,1875,09-14
2018-09-15,1429,0,0,0,0,0,1429,09-15
2018-09-16,2336,0,0,0,0,0,2336,09-16
2018-09-17,1412,0,0,0,0,0,1412,09-17
2018-09-18,0,0,0,0,0,0,0,09-18
2018-09-19,328,0,0,0,0,0,328,09-19
2018-09-20,1712,4000,0,0,0,0,5712,09-20
2018-09-21,1712,0,1200,0,0,0,2912,09-21
2018-09-22,220,0,1200,0,0,0,1420,09-22
2018-09-23,505,0,0,1840,0,240,2585,09-23
2018-09-24,3602,0,4000,0,0,0,7602,09-24
2018-09-25,0,0,0,0,0,0,0,09-25
2018-09-26,1655,0,0,0,0,0,1655,09-26
2018-09-27,2401,0,0,0,0,0,2401,09-27
2018-09-28,163,0,0,0,0,0,163,09-28
2018-09-29,1924,0,0,0,0,0,1924,09-29
2018-09-30,3215,0,0,0,0,0,3215,09-30
2018-10-01,2212,0,0,0,0,0,2212,10-01
2018-10-02,2690,0,0,0,0,0,2690,10-02
2018-10-03,460,0,0,0,0,0,460,10-03
2018-10-04,2208,0,0,0,0,0,2208,10-04
2018-10-05,3282,400,0,0,0,0,3682,10-05
2018-10-06,427,400,0,0,1644,0,2472,10-06
2018-10-07,4879,0,0,0,1644,0,6524,10-07
2018-10-08,3377,0,8000,0,1644,0,13022,10-08
2018-10-09,405,0,8000,0,1308,0,9714,10-09
2018-10-10,1352,0,0,0,0,0,1352,10-10
2018-10-11,2309,0,0,0,0,0,2309,10-11
2018-10-12,1840,400,0,0,0,0,2240,10-12
2018-10-13,2766,400,0,0,0,0,3166,10-13
2018-10-14,174,400,0,0,0,0,574,10-14
2018-10-15,1678,0,0,1339,0,0,3017,10-15
2018-10-16,1792,0,3493,1116,0,0,6402,10-16
2018-10-17,1804,0,2911,892,0,0,5608,10-17
2018-10-18,1686,1200,0,892,0,0,3779,10-18
2018-10-19,2848,1600,0,892,0,0,5340,10-19
2018-10-20,2113,1600,0,892,0,0,4606,10-20
2018-10-21,1984,1600,0,1116,0,0,4700,10-21
2018-10-22,2675,400,0,1339,0,0,4414,10-22
2018-10-23,0,400,1500,1116,0,0,3016,10-23
2018-10-24,2247,0,1249,0,0,0,3496,10-24
2018-10-25,1519,0,1249,0,0,0,2768,10-25
2018-10-26,2027,400,0,0,0,0,2427,10-26
2018-10-27,2151,800,0,0,0,0,2951,10-27
2018-10-28,762,400,9666,0,0,0,10828,10-28
2018-10-29,2888,400,10466,0,0,0,13754,10-29
2018-10-30,413,0,10466,0,0,0,10880,10-30
2018-10-31,0,0,0,0,0,0,0,10-31
2018-11-01,460,400,0,0,0,0,860,11-01
2018-11-02,0,400,0,0,0,0,400,11-02
2018-11-03,1724,0,0,0,0,0,1724,11-03
2018-11-04,2163,0,0,0,0,0,2163,11-04
2018-11-05,2330,0,0,0,0,0,2330,11-05
2018-11-06,1371,0,0,0,0,0,1371,11-06
2018-11-07,2076,0,0,0,0,0,2076,11-07
2018-11-08,0,0,0,0,0,0,0,11-08
2018-11-09,460,400,8000,0,0,0,8860,11-09
2018-11-10,1646,400,8000,0,0,0,10046,11-10
2018-11-11,2726,400,0,0,0,240,3366,11-11
2018-11-12,3076,400,0,0,0,0,3476,11-12
2018-11-13,3712,400,0,0,0,0,4112,11-13
2018-11-14,2106,0,0,0,0,0,2106,11-14
2018-11-15,0,0,0,0,0,0,0,11-15
2018-11-16,2150,0,0,0,0,0,2150,11-16
2018-11-17,2305,0,0,0,0,0,2305,11-17
2018-11-18,2693,0,0,0,0,0,2693,11-18
2018-11-19,4284,0,0,0,0,0,4284,11-19
2018-11-20,1956,0,0,0,0,0,1956,11-20
2018-11-21,1716,0,0,0,0,0,1716,11-21
2018-11-22,1464,0,0,0,0,0,1464,11-22
2018-11-23,1725,0,714,0,0,0,2440,11-23
2018-11-24,3469,0,714,0,0,0,4184,11-24
2018-11-25,2872,0,856,0,0,0,3729,11-25
2018-11-26,3156,0,856,0,0,0,4012,11-26
2018-11-27,4208,0,856,0,0,0,5064,11-27
2018-11-28,0,0,0,0,0,0,0,11-28
2018-11-29,45,0,0,0,0,0,45,11-29
2018-11-30,2816,0,0,0,0,0,2816,11-30
2018-12-01,3433,0,0,0,0,0,3433,12-01
2018-12-02,2417,0,0,0,0,0,2417,12-02
2018-12-03,4036,0,0,0,0,0,4036,12-03
2018-12-04,1767,0,0,0,0,0,1767,12-04
2018-12-05,0,0,0,0,0,0,0,12-05
2018-12-06,460,0,0,0,0,0,460,12-06
2018-12-07,2203,280,0,0,0,0,2483,12-07
2018-12-08,2825,280,6557,0,0,0,9663,12-08
2018-12-09,1928,280,7868,0,0,0,10076,12-09
2018-12-10,1977,280,7868,872,0,0,10998,12-10
2018-12-11,4452,280,7868,727,0,0,13328,12-11
2018-12-12,460,280,6557,0,0,0,7298,12-12
2018-12-13,460,280,6557,0,0,0,7298,12-13
2018-12-14,2188,280,6557,0,0,0,9026,12-14
2018-12-15,1741,280,6557,0,0,0,8579,12-15
2018-12-16,2631,280,7868,0,0,240,11020,12-16
2018-12-17,1151,280,7868,0,0,0,9300,12-17
2018-12-18,1874,280,7868,0,0,0,10023,12-18
2018-12-19,0,280,0,0,0,0,280,12-19
2018-12-20,0,0,0,0,0,0,0,12-20
2018-12-21,1688,0,0,0,0,0,1688,12-21
2018-12-22,2218,0,0,0,0,0,2218,12-22
2018-12-23,2205,0,0,0,0,0,2205,12-23
2018-12-24,0,0,0,0,0,0,0,12-24
2018-12-25,0,0,0,0,0,0,0,12-25
2018-12-26,0,0,0,0,0,0,0,12-26
2018-12-27,469,0,0,0,0,0,469,12-27
2018-12-28,410,0,0,0,0,0,410,12-28
2018-12-29,2091,0,0,0,0,0,2091,12-29
2018-12-30,3312,0,0,0,0,0,3312,12-30
2018-12-31,3673,0,0,0,0,0,3673,12-31
2019-06-17,4378,0,119,49419,0,0,53917,06-17
2019-06-18,3182,0,105,59301,1178,0,63767,06-18
2019-06-19,836,425,102,0,1534,0,2898,06-19
2019-06-20,2128,425,0,0,0,0,2553,06-20
2019-06-21,2141,425,279,0,0,0,2845,06-21
2019-06-22,986,425,105,0,0,0,1517,06-22
2019-06-23,3487,0,152,429,0,0,4068,06-23
2019-06-24,2068,12750,297,0,0,0,15115,06-24
2019-06-25,1802,12750,151,0,0,0,14704,06-25
2019-06-26,3672,12750,141,0,0,0,16563,06-26
2019-06-27,0,12750,0,255,0,0,13005,06-27
2019-06-28,456,12750,215,0,0,0,13421,06-28
2019-06-29,751,0,286,0,0,0,1037,06-29
2019-06-30,4382,0,104,967,0,0,5454,06-30
2019-07-01,3070,0,226,508,0,0,3804,07-01
2019-07-02,1880,0,141,303,0,0,2324,07-02
2019-07-03,4804,0,192,253,0,0,5250,07-03
2019-07-04,5732,0,240,202,0,0,6175,07-04
2019-07-05,2764,0,480,967,0,0,4211,07-05
2019-07-06,2040,0,210,202,0,0,2453,07-06
2019-07-07,326,0,250,967,0,0,1544,07-07
2019-07-08,4823,0,172,253,0,0,5249,07-08
2019-07-09,2546,0,215,303,0,0,3065,07-09
2019-07-10,1842,0,147,0,0,0,1989,07-10
2019-07-11,489,425,176,0,0,0,1091,07-11
2019-07-12,0,425,254,0,0,0,679,07-12
2019-07-13,199,425,199,79227,0,0,80052,07-13
2019-07-14,1554,425,588,80814,213,0,83595,07-14
2019-07-15,1688,425,178,101017,0,0,103309,07-15
2019-07-16,2332,0,152,121221,0,0,123706,07-16
2019-07-17,1837,0,1004,101017,0,0,103859,07-17
2019-07-18,1719,0,861,80814,0,0,83396,07-18
2019-07-19,0,0,840,80814,0,0,81655,07-19
2019-07-20,489,0,918,80814,1177,0,83399,07-20
2019-07-21,489,0,840,80814,1177,0,83322,07-21
2019-07-22,923,0,1023,101017,2712,0,105676,07-22
2019-07-23,1218,0,198,121221,2712,0,125351,07-23
2019-07-24,2257,0,181,101017,1177,0,104634,07-24
2019-07-25,0,0,480,80814,0,0,81294,07-25
2019-07-26,0,0,210,80814,2353,0,83379,07-26
2019-07-27,0,0,254,80814,4528,0,85597,07-27
2019-07-28,0,0,274,80814,5060,0,86149,07-28
2019-07-29,2224,0,302,101017,2918,0,106463,07-29
2019-07-30,2580,0,198,121221,1960,0,125961,07-30
2019-07-31,0,0,187,101017,743,0,101949,07-31
2019-08-01,0,0,0,364791,0,0,364791,08-01
2019-08-02,0,0,0,364791,0,0,364791,08-02
2019-08-03,0,0,306,364791,0,0,365097,08-03
2019-08-04,1751,0,306,361250,0,0,363307,08-04
2019-08-05,925,0,6060,451562,0,0,458548,08-05
2019-08-06,2357,0,5976,541875,0,0,550208,08-06
2019-08-07,0,0,5896,453517,0,0,459413,08-07
2019-08-08,0,0,0,0,0,0,0,08-08
2019-08-09,2355,0,0,0,0,0,2355,08-09
2019-08-10,0,0,0,313,1534,0,1847,08-10
2019-08-11,1237,0,0,742,1534,0,3514,08-11
2019-08-12,675,0,0,391,1534,0,2601,08-12
2019-08-13,1268,0,0,470,3068,0,4806,08-13
2019-08-14,4074,850,0,391,1534,0,6850,08-14
2019-08-15,0,850,0,313,0,0,1163,08-15
2019-08-16,2309,850,0,313,0,0,3473,08-16
2019-08-17,0,850,0,313,1534,0,2697,08-17
2019-08-18,0,850,0,313,1534,0,2697,08-18
2019-08-19,878,850,0,0,0,0,1728,08-19
2019-08-20,2533,0,0,0,0,0,2533,08-20
2019-08-21,0,425,0,0,0,0,425,08-21
2019-08-22,1954,425,0,0,0,0,2379,08-22
2019-08-23,1962,425,0,8269,1534,0,12191,08-23
2019-08-24,2009,425,0,6822,0,0,9257,08-24
2019-08-25,578,425,0,12719,0,0,13723,08-25
2019-08-26,5060,0,0,15613,0,0,20674,08-26
2019-08-27,2926,0,0,18030,0,0,20956,08-27
2019-08-28,1814,0,0,12603,0,0,14418,08-28
2019-08-29,1897,0,0,0,0,0,1897,08-29
2019-08-30,0,0,0,0,0,0,0,08-30
2019-08-31,2008,0,0,0,0,0,2008,08-31
2019-09-01,1711,0,0,0,0,0,1711,09-01
2019-09-02,1038,0,0,1587,0,0,2626,09-02
2019-09-03,2444,0,0,1794,0,0,4238,09-03
2019-09-04,489,0,0,1245,0,0,1734,09-04
2019-09-05,0,0,0,0,0,0,0,09-05
2019-09-06,338,0,0,0,0,0,338,09-06
2019-09-07,2002,0,2125,0,0,0,4127,09-07
2019-09-08,1306,425,4057,0,0,0,5788,09-08
2019-09-09,2163,0,2317,0,0,0,4481,09-09
2019-09-10,2737,0,0,0,0,0,2737,09-10
2019-09-11,0,425,0,0,0,0,425,09-11
2019-09-12,1549,425,0,0,0,0,1974,09-12
2019-09-13,0,425,0,0,0,0,425,09-13
2019-09-14,1567,425,0,0,0,0,1992,09-14
2019-09-15,1518,0,0,0,0,0,1518,09-15
2019-09-16,2482,0,0,0,0,0,2482,09-16
2019-09-17,1500,0,0,0,0,0,1500,09-17
2019-09-18,0,0,0,0,0,0,0,09-18
2019-09-19,348,0,0,0,0,0,348,09-19
2019-09-20,1819,4250,0,0,0,0,6069,09-20
2019-09-21,1819,0,1275,0,0,0,3094,09-21
2019-09-22,234,0,1275,0,0,0,1509,09-22
2019-09-23,537,0,0,1955,0,255,2747,09-23
2019-09-24,3827,0,4250,0,0,0,8077,09-24
2019-09-25,0,0,0,0,0,0,0,09-25
2019-09-26,1758,0,0,0,0,0,1758,09-26
2019-09-27,2551,0,0,0,0,0,2551,09-27
2019-09-28,173,0,0,0,0,0,173,09-28
2019-09-29,2045,0,0,0,0,0,2045,09-29
2019-09-30,3416,0,0,0,0,0,3416,09-30
2019-10-01,2351,0,0,0,0,0,2351,10-01
2019-10-02,2858,0,0,0,0,0,2858,10-02
2019-10-03,489,0,0,0,0,0,489,10-03
2019-10-04,2346,0,0,0,0,0,2346,10-04
2019-10-05,3487,425,0,0,0,0,3912,10-05
2019-10-06,453,425,0,0,1747,0,2626,10-06
2019-10-07,5184,0,0,0,1747,0,6931,10-07
2019-10-08,3588,0,8500,0,1747,0,13836,10-08
2019-10-09,430,0,8500,0,1390,0,10321,10-09
2019-10-10,1437,0,0,0,0,0,1437,10-10
2019-10-11,2453,0,0,0,0,0,2453,10-11
2019-10-12,1955,425,0,0,0,0,2380,10-12
2019-10-13,2939,425,0,0,0,0,3364,10-13
2019-10-14,185,425,0,0,0,0,610,10-14
2019-10-15,1783,0,0,1422,0,0,3206,10-15
2019-10-16,1904,0,3711,1185,0,0,6802,10-16
2019-10-17,1916,0,3093,948,0,0,5958,10-17
2019-10-18,1791,1275,0,948,0,0,4015,10-18
2019-10-19,3026,1700,0,948,0,0,5674,10-19
2019-10-20,2245,1700,0,948,0,0,4894,10-20
2019-10-21,2108,1700,0,1185,0,0,4993,10-21
2019-10-22,2842,425,0,1422,0,0,4690,10-22
2019-10-23,0,425,1593,1185,0,0,3204,10-23
2019-10-24,2387,0,1327,0,0,0,3715,10-24
2019-10-25,1614,0,1327,0,0,0,2941,10-25
2019-10-26,2153,425,0,0,0,0,2578,10-26
2019-10-27,2285,850,0,0,0,0,3135,10-27
2019-10-28,810,425,10270,0,0,0,11505,10-28
2019-10-29,3068,425,11120,0,0,0,14614,10-29
2019-10-30,439,0,11120,0,0,0,11560,10-30
2019-10-31,0,0,0,0,0,0,0,10-31
2019-11-01,489,425,0,0,0,0,914,11-01
2019-11-02,0,425,0,0,0,0,425,11-02
2019-11-03,1832,0,0,0,0,0,1832,11-03
2019-11-04,2298,0,0,0,0,0,2298,11-04
2019-11-05,2476,0,0,0,0,0,2476,11-05
2019-11-06,1456,0,0,0,0,0,1456,11-06
2019-11-07,2205,0,0,0,0,0,2205,11-07
2019-11-08,0,0,0,0,0,0,0,11-08
2019-11-09,489,425,8500,0,0,0,9414,11-09
2019-11-10,1749,425,8500,0,0,0,10674,11-10
2019-11-11,2896,425,0,0,0,255,3576,11-11
2019-11-12,3268,425,0,0,0,0,3693,11-12
2019-11-13,3944,425,0,0,0,0,4369,11-13
2019-11-14,2238,0,0,0,0,0,2238,11-14
2019-11-15,0,0,0,0,0,0,0,11-15
2019-11-16,2284,0,0,0,0,0,2284,11-16
2019-11-17,2449,0,0,0,0,0,2449,11-17
2019-11-18,2861,0,0,0,0,0,2861,11-18
2019-11-19,4551,0,0,0,0,0,4551,11-19
2019-11-20,2078,0,0,0,0,0,2078,11-20
2019-11-21,1823,0,0,0,0,0,1823,11-21
2019-11-22,1556,0,0,0,0,0,1556,11-22
2019-11-23,1833,0,759,0,0,0,2592,11-23
2019-11-24,3686,0,759,0,0,0,4445,11-24
2019-11-25,3052,0,910,0,0,0,3962,11-25
2019-11-26,3353,0,910,0,0,0,4263,11-26
2019-11-27,4471,0,910,0,0,0,5381,11-27
2019-11-28,0,0,0,0,0,0,0,11-28
2019-11-29,48,0,0,0,0,0,48,11-29
2019-11-30,2992,0,0,0,0,0,2992,11-30
2019-12-01,3648,0,0,0,0,0,3648,12-01
2019-12-02,2568,0,0,0,0,0,2568,12-02
2019-12-03,4289,0,0,0,0,0,4289,12-03
2019-12-04,1877,0,0,0,0,0,1877,12-04
2019-12-05,0,0,0,0,0,0,0,12-05
2019-12-06,489,0,0,0,0,0,489,12-06
2019-12-07,2340,297,0,0,0,0,2638,12-07
2019-12-08,3002,297,6967,0,0,0,10267,12-08
2019-12-09,2048,297,8360,0,0,0,10706,12-09
2019-12-10,2101,297,8360,926,0,0,11685,12-10
2019-12-11,4731,297,8360,772,0,0,14161,12-11
2019-12-12,489,297,6967,0,0,0,7754,12-12
2019-12-13,489,297,6967,0,0,0,7754,12-13
2019-12-14,2325,297,6967,0,0,0,9590,12-14
2019-12-15,1850,297,6967,0,0,0,9115,12-15
2019-12-16,2795,297,8360,0,0,255,11708,12-16
2019-12-17,1223,297,8360,0,0,0,9881,12-17
2019-12-18,1991,297,8360,0,0,0,10649,12-18
2019-12-19,0,297,0,0,0,0,297,12-19
2019-12-20,0,0,0,0,0,0,0,12-20
2019-12-21,1793,0,0,0,0,0,1793,12-21
2019-12-22,2357,0,0,0,0,0,2357,12-22
2019-12-23,2343,0,0,0,0,0,2343,12-23
2019-12-24,0,0,0,0,0,0,0,12-24
2019-12-25,0,0,0,0,0,0,0,12-25
2019-12-26,0,0,0,0,0,0,0,12-26
2019-12-27,498,0,0,0,0,0,498,12-27
2019-12-28,436,0,0,0,0,0,436,12-28
2019-12-29,2221,0,0,0,0,0,2221,12-29
2019-12-30,3519,0,0,0,0,0,3519,12-30
2019-12-31,3903,0,0,0,0,0,3903,12-31
2020-06-17,0,0,0,0,0,0,0,06-17
2020-06-18,0,0,0,0,0,0,0,06-18
2020-06-19,0,0,0,0,0,0,0,06-19
2020-06-20,0,0,0,0,0,0,0,06-20
2020-06-21,0,0,0,0,0,0,0,06-21
2020-06-22,0,0,0,0,0,0,0,06-22
2020-06-23,0,0,0,0,0,0,0,06-23
2020-06-24,0,0,0,0,0,0,0,06-24
2020-06-25,0,0,0,0,0,0,0,06-25
2020-06-26,0,0,0,0,0,0,0,06-26
2020-06-27,0,0,0,0,0,0,0,06-27
2020-06-28,0,0,0,0,0,0,0,06-28
2020-06-29,0,0,0,0,0,0,0,06-29
2020-06-30,0,0,0,0,0,0,0,06-30
2020-07-01,0,0,0,0,0,0,0,07-01
2020-07-02,0,0,0,0,0,0,0,07-02
2020-07-03,0,0,0,0,0,0,0,07-03
2020-07-04,0,0,0,0,0,0,0,07-04
2020-07-05,0,0,0,0,0,0,0,07-05
2020-07-06,0,0,0,0,0,0,0,07-06
2020-07-07,0,0,0,0,0,0,0,07-07
2020-07-08,0,0,0,0,0,0,0,07-08
2020-07-09,0,0,0,0,0,0,0,07-09
2020-07-10,0,0,0,0,0,0,0,07-10
2020-07-11,0,0,0,0,0,0,0,07-11
2020-07-12,0,0,0,0,0,0,0,07-12
2020-07-13,0,0,0,0,0,0,0,07-13
2020-07-14,0,0,0,0,0,0,0,07-14
2020-07-15,0,0,0,0,0,0,0,07-15
2020-07-16,0,0,0,0,0,0,0,07-16
2020-07-17,0,0,0,0,0,0,0,07-17
2020-07-18,0,0,0,0,0,0,0,07-18
2020-07-19,0,0,0,0,0,0,0,07-19
2020-07-20,0,0,0,0,0,0,0,07-20
2020-07-21,0,0,0,0,0,0,0,07-21
2020-07-22,0,0,0,0,0,0,0,07-22
2020-07-23,0,0,0,0,0,0,0,07-23
2020-07-24,0,0,0,0,0,0,0,07-24
2020-07-25,0,0,0,0,0,0,0,07-25
2020-07-26,0,0,0,0,0,0,0,07-26
2020-07-27,0,0,0,0,0,0,0,07-27
2020-07-28,0,0,0,0,0,0,0,07-28
2020-07-29,0,0,0,0,0,0,0,07-29
2020-07-30,0,0,0,0,0,0,0,07-30
2020-07-31,0,0,0,0,0,0,0,07-31
2020-08-01,0,0,0,0,0,0,0,08-01
2020-08-02,0,0,0,0,0,0,0,08-02
2020-08-03,0,0,0,0,0,0,0,08-03
2020-08-04,0,0,0,0,0,0,0,08-04
2020-08-05,0,0,0,0,0,0,0,08-05
2020-08-06,0,0,0,0,0,0,0,08-06
2020-08-07,0,0,0,0,0,0,0,08-07
2020-08-08,0,0,0,0,0,0,0,08-08
2020-08-09,0,0,0,0,0,0,0,08-09
2020-08-10,0,0,0,0,0,0,0,08-10
2020-08-11,0,0,0,0,0,0,0,08-11
2020-08-12,0,0,0,0,0,0,0,08-12
2020-08-13,0,0,0,0,0,0,0,08-13
2020-08-14,0,0,0,0,0,0,0,08-14
2020-08-15,0,0,0,0,0,0,0,08-15
2020-08-16,0,0,0,0,0,0,0,08-16
2020-08-17,0,0,0,0,0,0,0,08-17
2020-08-18,0,0,0,0,0,0,0,08-18
2020-08-19,0,0,0,0,0,0,0,08-19
2020-08-20,0,0,0,0,0,0,0,08-20
2020-08-21,0,0,0,0,0,0,0,08-21
2020-08-22,0,0,0,0,0,0,0,08-22
2020-08-23,0,0,0,0,0,0,0,08-23
2020-08-24,0,0,0,0,0,0,0,08-24
2020-08-25,0,0,0,0,0,0,0,08-25
2020-08-26,0,0,0,0,0,0,0,08-26
2020-08-27,0,0,0,0,0,0,0,08-27
2020-08-28,0,0,0,0,0,0,0,08-28
2020-08-29,0,0,0,0,0,0,0,08-29
2020-08-30,0,0,0,0,0,0,0,08-30
2020-08-31,0,0,0,0,0,0,0,08-31
2020-09-01,0,0,0,0,0,0,0,09-01
2020-09-02,0,0,0,0,0,0,0,09-02
2020-09-03,0,0,0,0,0,0,0,09-03
2020-09-04,0,0,0,0,0,0,0,09-04
2020-09-05,0,0,0,0,0,0,0,09-05
2020-09-06,0,0,0,0,0,0,0,09-06
2020-09-07,0,0,0,0,0,0,0,09-07
2020-09-08,0,0,0,0,0,0,0,09-08
2020-09-09,0,0,0,0,0,0,0,09-09
2020-09-10,0,0,0,0,0,0,0,09-10
2020-09-11,0,0,0,0,0,0,0,09-11
2020-09-12,0,0,0,0,0,0,0,09-12
2020-09-13,0,0,0,0,0,0,0,09-13
2020-09-14,0,0,0,0,0,0,0,09-14
2020-09-15,0,0,0,0,0,0,0,09-15
2020-09-16,0,0,0,0,0,0,0,09-16
2020-09-17,0,0,0,0,0,0,0,09-17
2020-09-18,0,0,0,0,0,0,0,09-18
2020-09-19,0,0,0,0,0,0,0,09-19
2020-09-20,0,0,0,0,0,0,0,09-20
2020-09-21,0,0,0,0,0,0,0,09-21
2020-09-22,0,0,0,0,0,0,0,09-22
2020-09-23,0,0,0,0,0,0,0,09-23
2020-09-24,0,0,0,0,0,0,0,09-24
2020-09-25,0,0,0,0,0,0,0,09-25
2020-09-26,0,0,0,0,0,0,0,09-26
2020-09-27,0,0,0,0,0,0,0,09-27
2020-09-28,0,0,0,0,0,0,0,09-28
2020-09-29,0,0,0,0,0,0,0,09-29
2020-09-30,0,0,0,0,0,0,0,09-30
2020-10-01,0,0,0,0,0,0,0,10-01
2020-10-02,0,0,0,0,0,0,0,10-02
2020-10-03,0,0,0,0,0,0,0,10-03
2020-10-04,0,0,0,0,0,0,0,10-04
2020-10-05,0,0,0,0,0,0,0,10-05
2020-10-06,0,0,0,0,0,0,0,10-06
2020-10-07,0,0,0,0,0,0,0,10-07
2020-10-08,0,0,0,0,0,0,0,10-08
2020-10-09,0,0,0,0,0,0,0,10-09
2020-10-10,0,0,0,0,0,0,0,10-10
2020-10-11,0,0,0,0,0,0,0,10-11
2020-10-12,0,0,0,0,0,0,0,10-12
2020-10-13,0,0,0,0,0,0,0,10-13
2020-10-14,0,0,0,0,0,0,0,10-14
2020-10-15,0,0,0,0,0,0,0,10-15
2020-10-16,0,0,0,0,0,0,0,10-16
2020-10-17,0,0,0,0,0,0,0,10-17
2020-10-18,0,0,0,0,0,0,0,10-18
2020-10-19,0,0,0,0,0,0,0,10-19
2020-10-20,0,0,0,0,0,0,0,10-20
2020-10-21,0,0,0,0,0,0,0,10-21
2020-10-22,0,0,0,0,0,0,0,10-22
2020-10-23,0,0,0,0,0,0,0,10-23
2020-10-24,0,0,0,0,0,0,0,10-24
2020-10-25,0,0,0,0,0,0,0,10-25
2020-10-26,0,0,0,0,0,0,0,10-26
2020-10-27,0,0,0,0,0,0,0,10-27
2020-10-28,0,0,0,0,0,0,0,10-28
2020-10-29,0,0,0,0,0,0,0,10-29
2020-10-30,0,0,0,0,0,0,0,10-30
2020-10-31,0,0,0,0,0,0,0,10-31
2020-11-01,0,0,0,0,0,0,0,11-01
2020-11-02,0,0,0,0,0,0,0,11-02
2020-11-03,0,0,0,0,0,0,0,11-03
2020-11-04,0,0,0,0,0,0,0,11-04
2020-11-05,0,0,0,0,0,0,0,11-05
2020-11-06,0,0,0,0,0,0,0,11-06
2020-11-07,0,0,0,0,0,0,0,11-07
2020-11-08,0,0,0,0,0,0,0,11-08
2020-11-09,0,0,0,0,0,0,0,11-09
2020-11-10,0,0,0,0,0,0,0,11-10
2020-11-11,0,0,0,0,0,0,0,11-11
2020-11-12,0,0,0,0,0,0,0,11-12
2020-11-13,0,0,0,0,0,0,0,11-13
2020-11-14,0,0,0,0,0,0,0,11-14
2020-11-15,0,0,0,0,0,0,0,11-15
2020-11-16,0,0,0,0,0,0,0,11-16
2020-11-17,0,0,0,0,0,0,0,11-17
2020-11-18,0,0,0,0,0,0,0,11-18
2020-11-19,0,0,0,0,0,0,0,11-19
2020-11-20,0,0,0,0,0,0,0,11-20
2020-11-21,0,0,0,0,0,0,0,11-21
2020-11-22,0,0,0,0,0,0,0,11-22
2020-11-23,0,0,0,0,0,0,0,11-23
2020-11-24,0,0,0,0,0,0,0,11-24
2020-11-25,0,0,0,0,0,0,0,11-25
2020-11-26,0,0,0,0,0,0,0,11-26
2020-11-27,0,0,0,0,0,0,0,11-27
2020-11-28,0,0,0,0,0,0,0,11-28
2020-11-29,0,0,0,0,0,0,0,11-29
2020-11-30,0,0,0,0,0,0,0,11-30
2020-12-01,0,0,0,0,0,0,0,12-01
2020-12-02,0,0,0,0,0,0,0,12-02
2020-12-03,0,0,0,0,0,0,0,12-03
2020-12-04,0,0,0,0,0,0,0,12-04
2020-12-05,0,0,0,0,0,0,0,12-05
2020-12-06,0,0,0,0,0,0,0,12-06
2020-12-07,0,0,0,0,0,0,0,12-07
2020-12-08,0,0,0,0,0,0,0,12-08
2020-12-09,0,0,0,0,0,0,0,12-09
2020-12-10,0,0,0,0,0,0,0,12-10
2020-12-11,0,0,0,0,0,0,0,12-11
2020-12-12,0,0,0,0,0,0,0,12-12
2020-12-13,0,0,0,0,0,0,0,12-13
2020-12-14,0,0,0,0,0,0,0,12-14
2020-12-15,0,0,0,0,0,0,0,12-15
2020-12-16,0,0,0,0,0,0,0,12-16
2020-12-17,0,0,0,0,0,0,0,12-17
2020-12-18,0,0,0,0,0,0,0,12-18
2020-12-19,0,0,0,0,0,0,0,12-19
2020-12-20,0,0,0,0,0,0,0,12-20
2020-12-21,0,0,0,0,0,0,0,12-21
2020-12-22,0,0,0,0,0,0,0,12-22
2020-12-23,0,0,0,0,0,0,0,12-23
2020-12-24,0,0,0,0,0,0,0,12-24
2020-12-25,0,0,0,0,0,0,0,12-25
2020-12-26,0,0,0,0,0,0,0,12-26
2020-12-27,0,0,0,0,0,0,0,12-27
2020-12-28,0,0,0,0,0,0,0,12-28
2020-12-29,0,0,0,0,0,0,0,12-29
2020-12-30,0,0,0,0,0,0,0,12-30
2020-12-31,0,0,0,0,0,0,0,12-31
2021-06-17,2188,0,59,24709,0,0,26958,06-17
2021-06-18,1590,0,52,29650,588,0,31883,06-18
2021-06-19,417,212,50,0,766,0,1448,06-19
2021-06-20,1063,212,0,0,0,0,1276,06-20
2021-06-21,1070,212,139,0,0,0,1422,06-21
2021-06-22,492,212,52,0,0,0,758,06-22
2021-06-23,1743,0,75,214,0,0,2033,06-23
2021-06-24,1033,6374,148,0,0,0,7557,06-24
2021-06-25,900,6374,75,0,0,0,7351,06-25
2021-06-26,1835,6374,70,0,0,0,8281,06-26
2021-06-27,0,6374,0,127,0,0,6502,06-27
2021-06-28,227,6374,107,0,0,0,6710,06-28
2021-06-29,375,0,142,0,0,0,518,06-29
2021-06-30,2190,0,51,483,0,0,2726,06-30
2021-07-01,1688,0,124,279,0,0,2092,07-01
2021-07-02,1033,0,77,166,0,0,1278,07-02
2021-07-03,2642,0,105,139,0,0,2887,07-03
2021-07-04,3152,0,131,111,0,0,3396,07-04
2021-07-05,1520,0,263,531,0,0,2316,07-05
2021-07-06,1121,0,115,111,0,0,1349,07-06
2021-07-07,179,0,137,531,0,0,849,07-07
2021-07-08,2652,0,94,139,0,0,2886,07-08
2021-07-09,1400,0,118,166,0,0,1685,07-09
2021-07-10,1013,0,80,0,0,0,1093,07-10
2021-07-11,268,233,96,0,0,0,600,07-11
2021-07-12,0,233,139,0,0,0,373,07-12
2021-07-13,109,233,109,43574,0,0,44028,07-13
2021-07-14,854,233,323,44447,117,0,45977,07-14
2021-07-15,928,233,97,55559,0,0,56819,07-15
2021-07-16,1282,0,83,66671,0,0,68038,07-16
2021-07-17,1010,0,552,55559,0,0,57122,07-17
2021-07-18,945,0,473,44447,0,0,45867,07-18
2021-07-19,0,0,461,44447,0,0,44910,07-19
2021-07-20,268,0,504,44447,647,0,45869,07-20
2021-07-21,268,0,461,44447,647,0,45827,07-21
2021-07-22,507,0,562,55559,1491,0,58121,07-22
2021-07-23,669,0,108,66671,1491,0,68943,07-23
2021-07-24,1241,0,99,55559,647,0,57548,07-24
2021-07-25,0,0,263,44447,0,0,44711,07-25
2021-07-26,0,0,115,44447,1294,0,45858,07-26
2021-07-27,0,0,139,44447,2490,0,47078,07-27
2021-07-28,0,0,150,44447,2782,0,47381,07-28
2021-07-29,1223,0,166,55559,1604,0,58554,07-29
2021-07-30,1418,0,108,66671,1077,0,69278,07-30
2021-07-31,0,0,102,55559,408,0,56071,07-31
2021-08-01,0,0,0,218874,0,0,218874,08-01
2021-08-02,0,0,0,218874,0,0,218874,08-02
2021-08-03,0,0,183,218874,0,0,219058,08-03
2021-08-04,1050,0,183,216750,0,0,217984,08-04
2021-08-05,555,0,3636,270937,0,0,275128,08-05
2021-08-06,1414,0,3585,325125,0,0,330124,08-06
2021-08-07,0,0,3537,272110,0,0,275647,08-07
2021-08-08,0,0,0,0,0,0,0,08-08
2021-08-09,1413,0,0,0,0,0,1413,08-09
2021-08-10,0,0,0,187,920,0,1108,08-10
2021-08-11,742,0,0,445,920,0,2108,08-11
2021-08-12,405,0,0,234,920,0,1560,08-12
2021-08-13,760,0,0,282,1840,0,2883,08-13
2021-08-14,2444,510,0,234,920,0,4110,08-14
2021-08-15,0,510,0,187,0,0,697,08-15
2021-08-16,1385,510,0,187,0,0,2083,08-16
2021-08-17,0,510,0,187,920,0,1618,08-17
2021-08-18,0,510,0,187,920,0,1618,08-18
2021-08-19,526,510,0,0,0,0,1036,08-19
2021-08-20,1519,0,0,0,0,0,1519,08-20
2021-08-21,0,255,0,0,0,0,255,08-21
2021-08-22,1172,255,0,0,0,0,1427,08-22
2021-08-23,1177,255,0,4961,920,0,7314,08-23
2021-08-24,1205,255,0,4093,0,0,5554,08-24
2021-08-25,346,255,0,7631,0,0,8233,08-25
2021-08-26,3036,0,0,9367,0,0,12404,08-26
2021-08-27,1755,0,0,10818,0,0,12573,08-27
2021-08-28,1088,0,0,7561,0,0,8650,08-28
2021-08-29,1138,0,0,0,0,0,1138,08-29
2021-08-30,0,0,0,0,0,0,0,08-30
2021-08-31,1204,0,0,0,0,0,1204,08-31
2021-09-01,1112,0,0,0,0,0,1112,09-01
2021-09-02,674,0,0,1031,0,0,1706,09-02
2021-09-03,1588,0,0,1166,0,0,2754,09-03
2021-09-04,317,0,0,809,0,0,1127,09-04
2021-09-05,0,0,0,0,0,0,0,09-05
2021-09-06,219,0,0,0,0,0,219,09-06
2021-09-07,1301,0,1381,0,0,0,2682,09-07
2021-09-08,848,276,2637,0,0,0,3762,09-08
2021-09-09,1405,0,1506,0,0,0,2912,09-09
2021-09-10,1779,0,0,0,0,0,1779,09-10
2021-09-11,0,276,0,0,0,0,276,09-11
2021-09-12,1006,276,0,0,0,0,1283,09-12
2021-09-13,0,276,0,0,0,0,276,09-13
2021-09-14,1018,276,0,0,0,0,1294,09-14
2021-09-15,986,0,0,0,0,0,986,09-15
2021-09-16,1613,0,0,0,0,0,1613,09-16
2021-09-17,975,0,0,0,0,0,975,09-17
2021-09-18,0,0,0,0,0,0,0,09-18
2021-09-19,226,0,0,0,0,0,226,09-19
2021-09-20,1182,2762,0,0,0,0,3944,09-20
2021-09-21,1182,0,828,0,0,0,2011,09-21
2021-09-22,152,0,828,0,0,0,980,09-22
2021-09-23,349,0,0,1270,0,165,1785,09-23
2021-09-24,2487,0,2762,0,0,0,5250,09-24
2021-09-25,0,0,0,0,0,0,0,09-25
2021-09-26,1142,0,0,0,0,0,1142,09-26
2021-09-27,1658,0,0,0,0,0,1658,09-27
2021-09-28,112,0,0,0,0,0,112,09-28
2021-09-29,1329,0,0,0,0,0,1329,09-29
2021-09-30,2220,0,0,0,0,0,2220,09-30
2021-10-01,1645,0,0,0,0,0,1645,10-01
2021-10-02,2000,0,0,0,0,0,2000,10-02
2021-10-03,342,0,0,0,0,0,342,10-03
2021-10-04,1642,0,0,0,0,0,1642,10-04
2021-10-05,2440,297,0,0,0,0,2738,10-05
2021-10-06,317,297,0,0,1222,0,1838,10-06
2021-10-07,3628,0,0,0,1222,0,4851,10-07
2021-10-08,2511,0,5950,0,1222,0,9685,10-08
2021-10-09,301,0,5950,0,973,0,7224,10-09
2021-10-10,1005,0,0,0,0,0,1005,10-10
2021-10-11,1717,0,0,0,0,0,1717,10-11
2021-10-12,1368,297,0,0,0,0,1666,10-12
2021-10-13,2057,297,0,0,0,0,2354,10-13
2021-10-14,129,297,0,0,0,0,427,10-14
2021-10-15,1248,0,0,995,0,0,2244,10-15
2021-10-16,1332,0,2597,829,0,0,4761,10-16
2021-10-17,1341,0,2165,663,0,0,4170,10-17
2021-10-18,1253,892,0,663,0,0,2810,10-18
2021-10-19,2118,1190,0,663,0,0,3971,10-19
2021-10-20,1571,1190,0,663,0,0,3425,10-20
2021-10-21,1475,1190,0,829,0,0,3495,10-21
2021-10-22,1989,297,0,995,0,0,3283,10-22
2021-10-23,0,297,1115,829,0,0,2242,10-23
2021-10-24,1670,0,928,0,0,0,2600,10-24
2021-10-25,1129,0,928,0,0,0,2058,10-25
2021-10-26,1507,297,0,0,0,0,1804,10-26
2021-10-27,1599,595,0,0,0,0,2194,10-27
2021-10-28,567,297,7189,0,0,0,8053,10-28
2021-10-29,2147,297,7784,0,0,0,10229,10-29
2021-10-30,307,0,7784,0,0,0,8092,10-30
2021-10-31,0,0,0,0,0,0,0,10-31
2021-11-01,366,318,0,0,0,0,685,11-01
2021-11-02,0,318,0,0,0,0,318,11-02
2021-11-03,1374,0,0,0,0,0,1374,11-03
2021-11-04,1723,0,0,0,0,0,1723,11-04
2021-11-05,1857,0,0,0,0,0,1857,11-05
2021-11-06,1092,0,0,0,0,0,1092,11-06
2021-11-07,1653,0,0,0,0,0,1653,11-07
2021-11-08,0,0,0,0,0,0,0,11-08
2021-11-09,366,318,6375,0,0,0,7060,11-09
2021-11-10,1311,318,6375,0,0,0,8005,11-10
2021-11-11,2172,318,0,0,0,191,2682,11-11
2021-11-12,2451,318,0,0,0,0,2769,11-12
2021-11-13,2958,318,0,0,0,0,3276,11-13
2021-11-14,1678,0,0,0,0,0,1678,11-14
2021-11-15,0,0,0,0,0,0,0,11-15
2021-11-16,1713,0,0,0,0,0,1713,11-16
2021-11-17,1836,0,0,0,0,0,1836,11-17
2021-11-18,2145,0,0,0,0,0,2145,11-18
2021-11-19,3413,0,0,0,0,0,3413,11-19
2021-11-20,1558,0,0,0,0,0,1558,11-20
2021-11-21,1367,0,0,0,0,0,1367,11-21
2021-11-22,1167,0,0,0,0,0,1167,11-22
2021-11-23,1374,0,569,0,0,0,1944,11-23
2021-11-24,2764,0,569,0,0,0,3333,11-24
2021-11-25,2289,0,682,0,0,0,2971,11-25
2021-11-26,2514,0,682,0,0,0,3197,11-26
2021-11-27,3353,0,682,0,0,0,4035,11-27
2021-11-28,0,0,0,0,0,0,0,11-28
2021-11-29,36,0,0,0,0,0,36,11-29
2021-11-30,2244,0,0,0,0,0,2244,11-30
2021-12-01,2918,0,0,0,0,0,2918,12-01
2021-12-02,2054,0,0,0,0,0,2054,12-02
2021-12-03,3431,0,0,0,0,0,3431,12-03
2021-12-04,1501,0,0,0,0,0,1501,12-04
2021-12-05,0,0,0,0,0,0,0,12-05
2021-12-06,391,0,0,0,0,0,391,12-06
2021-12-07,1872,237,0,0,0,0,2110,12-07
2021-12-08,2401,237,5573,0,0,0,8213,12-08
2021-12-09,1638,237,6688,0,0,0,8564,12-09
2021-12-10,1680,237,6688,740,0,0,9348,12-10
2021-12-11,3784,237,6688,617,0,0,11328,12-11
2021-12-12,391,237,5573,0,0,0,6203,12-12
2021-12-13,391,237,5573,0,0,0,6203,12-13
2021-12-14,1860,237,5573,0,0,0,7672,12-14
2021-12-15,1480,237,5573,0,0,0,7292,12-15
2021-12-16,2236,237,6688,0,0,204,9366,12-16
2021-12-17,978,237,6688,0,0,0,7904,12-17
2021-12-18,1592,237,6688,0,0,0,8519,12-18
2021-12-19,0,237,0,0,0,0,237,12-19
2021-12-20,0,0,0,0,0,0,0,12-20
2021-12-21,1434,0,0,0,0,0,1434,12-21
2021-12-22,1885,0,0,0,0,0,1885,12-22
2021-12-23,1874,0,0,0,0,0,1874,12-23
2021-12-24,0,0,0,0,0,0,0,12-24
2021-12-25,0,0,0,0,0,0,0,12-25
2021-12-26,0,0,0,0,0,0,0,12-26
2021-12-27,398,0,0,0,0,0,398,12-27
2021-12-28,348,0,0,0,0,0,348,12-28
2021-12-29,1776,0,0,0,0,0,1776,12-29
2021-12-30,2815,0,0,0,0,0,2815,12-30
2021-12-31,3122,0,0,0,0,0,3122,12-31
2022-06-17,5151,0,141,58140,0,0,63432,06-17
2022-06-18,3744,0,124,69767,1386,0,75021,06-18
2022-06-19,984,500,121,0,1805,0,3410,06-19
2022-06-20,2504,500,0,0,0,0,3004,06-20
2022-06-21,2519,500,329,0,0,0,3348,06-21
2022-06-22,1161,500,124,0,0,0,1785,06-22
2022-06-23,4103,0,179,505,0,0,4787,06-23
2022-06-24,2433,15000,350,0,0,0,17783,06-24
2022-06-25,2121,15000,178,0,0,0,17299,06-25
2022-06-26,4320,15000,167,0,0,0,19487,06-26
2022-06-27,0,15000,0,300,0,0,15300,06-27
2022-06-28,537,15000,253,0,0,0,15790,06-28
2022-06-29,884,0,337,0,0,0,1221,06-29
2022-06-30,5156,0,123,1138,0,0,6417,06-30
2022-07-01,3612,0,266,598,0,0,4476,07-01
2022-07-02,2212,0,166,357,0,0,2735,07-02
2022-07-03,5652,0,227,298,0,0,6177,07-03
2022-07-04,6744,0,283,238,0,0,7265,07-04
2022-07-05,3252,0,565,1138,0,0,4955,07-05
2022-07-06,2401,0,248,238,0,0,2887,07-06
2022-07-07,384,0,295,1138,0,0,1817,07-07
2022-07-08,5675,0,203,298,0,0,6176,07-08
2022-07-09,2996,0,253,357,0,0,3606,07-09
2022-07-10,2168,0,173,0,0,0,2341,07-10
2022-07-11,576,500,208,0,0,0,1284,07-11
2022-07-12,0,500,299,0,0,0,799,07-12
2022-07-13,235,500,235,93209,0,0,94179,07-13
2022-07-14,1829,500,692,95076,251,0,98348,07-14
2022-07-15,1987,500,210,118844,0,0,121541,07-15
2022-07-16,2744,0,179,142614,0,0,145537,07-16
2022-07-17,2162,0,1182,118844,0,0,122188,07-17
2022-07-18,2023,0,1014,95076,0,0,98113,07-18
2022-07-19,0,0,989,95076,0,0,96065,07-19
2022-07-20,576,0,1080,95076,1385,0,98117,07-20
2022-07-21,576,0,989,95076,1385,0,98026,07-21
2022-07-22,1086,0,1204,118844,3191,0,124325,07-22
2022-07-23,1434,0,233,142614,3191,0,147472,07-23
2022-07-24,2656,0,214,118844,1385,0,123099,07-24
2022-07-25,0,0,565,95076,0,0,95641,07-25
2022-07-26,0,0,248,95076,2769,0,98093,07-26
2022-07-27,0,0,299,95076,5328,0,100703,07-27
2022-07-28,0,0,323,95076,5953,0,101352,07-28
2022-07-29,2617,0,356,118844,3434,0,125251,07-29
2022-07-30,3036,0,233,142614,2307,0,148190,07-30
2022-07-31,0,0,221,118844,875,0,119940,07-31
2022-08-01,0,0,0,429167,0,0,429167,08-01
2022-08-02,0,0,0,429167,0,0,429167,08-02
2022-08-03,0,0,360,429167,0,0,429527,08-03
2022-08-04,2060,0,361,425000,0,0,427421,08-04
2022-08-05,1089,0,7130,531250,0,0,539469,08-05
2022-08-06,2773,0,7031,637500,0,0,647304,08-06
2022-08-07,0,0,6937,533550,0,0,540487,08-07
2022-08-08,0,0,0,0,0,0,0,08-08
2022-08-09,2771,0,0,0,0,0,2771,08-09
2022-08-10,0,0,0,369,1805,0,2174,08-10
2022-08-11,1456,0,0,874,1805,0,4135,08-11
2022-08-12,795,0,0,461,1805,0,3061,08-12
2022-08-13,1492,0,0,553,3610,0,5655,08-13
2022-08-14,4793,1000,0,461,1805,0,8059,08-14
2022-08-15,0,1000,0,369,0,0,1369,08-15
2022-08-16,2717,1000,0,369,0,0,4086,08-16
2022-08-17,0,1000,0,369,1805,0,3174,08-17
2022-08-18,0,1000,0,369,1805,0,3174,08-18
2022-08-19,1033,1000,0,0,0,0,2033,08-19
2022-08-20,2981,0,0,0,0,0,2981,08-20
2022-08-21,0,500,0,0,0,0,500,08-21
2022-08-22,2299,500,0,0,0,0,2799,08-22
2022-08-23,2309,500,0,9729,1805,0,14343,08-23
2022-08-24,2364,500,0,8027,0,0,10891,08-24
2022-08-25,681,500,0,14964,0,0,16145,08-25
2022-08-26,5954,0,0,18369,0,0,24323,08-26
2022-08-27,3443,0,0,21212,0,0,24655,08-27
2022-08-28,2135,0,0,14828,0,0,16963,08-28
2022-08-29,2232,0,0,0,0,0,2232,08-29
2022-08-30,0,0,0,0,0,0,0,08-30
2022-08-31,2363,0,0,0,0,0,2363,08-31
2022-09-01,2014,0,0,0,0,0,2014,09-01
2022-09-02,1222,0,0,1868,0,0,3090,09-02
2022-09-03,2876,0,0,2111,0,0,4987,09-03
2022-09-04,576,0,0,1465,0,0,2041,09-04
2022-09-05,0,0,0,0,0,0,0,09-05
2022-09-06,398,0,0,0,0,0,398,09-06
2022-09-07,2356,0,2500,0,0,0,4856,09-07
2022-09-08,1537,500,4773,0,0,0,6810,09-08
2022-09-09,2545,0,2727,0,0,0,5272,09-09
2022-09-10,3221,0,0,0,0,0,3221,09-10
2022-09-11,0,500,0,0,0,0,500,09-11
2022-09-12,1823,500,0,0,0,0,2323,09-12
2022-09-13,0,500,0,0,0,0,500,09-13
2022-09-14,1844,500,0,0,0,0,2344,09-14
2022-09-15,1787,0,0,0,0,0,1787,09-15
2022-09-16,2921,0,0,0,0,0,2921,09-16
2022-09-17,1765,0,0,0,0,0,1765,09-17
2022-09-18,0,0,0,0,0,0,0,09-18
2022-09-19,410,0,0,0,0,0,410,09-19
2022-09-20,2140,5000,0,0,0,0,7140,09-20
2022-09-21,2140,0,1500,0,0,0,3640,09-21
2022-09-22,276,0,1500,0,0,0,1776,09-22
2022-09-23,632,0,0,2300,0,300,3232,09-23
2022-09-24,4503,0,5000,0,0,0,9503,09-24
2022-09-25,0,0,0,0,0,0,0,09-25
2022-09-26,2069,0,0,0,0,0,2069,09-26
2022-09-27,3002,0,0,0,0,0,3002,09-27
2022-09-28,204,0,0,0,0,0,204,09-28
2022-09-29,2406,0,0,0,0,0,2406,09-29
2022-09-30,4019,0,0,0,0,0,4019,09-30
2022-10-01,2766,0,0,0,0,0,2766,10-01
2022-10-02,3363,0,0,0,0,0,3363,10-02
2022-10-03,576,0,0,0,0,0,576,10-03
2022-10-04,2761,0,0,0,0,0,2761,10-04
2022-10-05,4103,500,0,0,0,0,4603,10-05
2022-10-06,534,500,0,0,2056,0,3090,10-06
2022-10-07,6099,0,0,0,2056,0,8155,10-07
2022-10-08,4222,0,10000,0,2056,0,16278,10-08
2022-10-09,507,0,10000,0,1636,0,12143,10-09
2022-10-10,1691,0,0,0,0,0,1691,10-10
2022-10-11,2887,0,0,0,0,0,2887,10-11
2022-10-12,2300,500,0,0,0,0,2800,10-12
2022-10-13,3458,500,0,0,0,0,3958,10-13
2022-10-14,218,500,0,0,0,0,718,10-14
2022-10-15,2098,0,0,1674,0,0,3772,10-15
2022-10-16,2241,0,4367,1395,0,0,8003,10-16
2022-10-17,2255,0,3639,1116,0,0,7010,10-17
2022-10-18,2108,1500,0,1116,0,0,4724,10-18
2022-10-19,3560,2000,0,1116,0,0,6676,10-19
2022-10-20,2642,2000,0,1116,0,0,5758,10-20
2022-10-21,2480,2000,0,1395,0,0,5875,10-21
2022-10-22,3344,500,0,1674,0,0,5518,10-22
2022-10-23,0,500,1875,1395,0,0,3770,10-23
2022-10-24,2809,0,1562,0,0,0,4371,10-24
2022-10-25,1899,0,1562,0,0,0,3461,10-25
2022-10-26,2534,500,0,0,0,0,3034,10-26
2022-10-27,2689,1000,0,0,0,0,3689,10-27
2022-10-28,953,500,12083,0,0,0,13536,10-28
2022-10-29,3610,500,13083,0,0,0,17193,10-29
2022-10-30,517,0,13083,0,0,0,13600,10-30
2022-10-31,0,0,0,0,0,0,0,10-31
2022-11-01,576,500,0,0,0,0,1076,11-01
2022-11-02,0,500,0,0,0,0,500,11-02
2022-11-03,2156,0,0,0,0,0,2156,11-03
2022-11-04,2704,0,0,0,0,0,2704,11-04
2022-11-05,2913,0,0,0,0,0,2913,11-05
2022-11-06,1714,0,0,0,0,0,1714,11-06
2022-11-07,2595,0,0,0,0,0,2595,11-07
2022-11-08,0,0,0,0,0,0,0,11-08
2022-11-09,576,500,10000,0,0,0,11076,11-09
2022-11-10,2058,500,10000,0,0,0,12558,11-10
2022-11-11,3408,500,0,0,0,300,4208,11-11
2022-11-12,3845,500,0,0,0,0,4345,11-12
2022-11-13,4640,500,0,0,0,0,5140,11-13
2022-11-14,2633,0,0,0,0,0,2633,11-14
2022-11-15,0,0,0,0,0,0,0,11-15
2022-11-16,2688,0,0,0,0,0,2688,11-16
2022-11-17,2882,0,0,0,0,0,2882,11-17
2022-11-18,3367,0,0,0,0,0,3367,11-18
2022-11-19,5355,0,0,0,0,0,5355,11-19
2022-11-20,2445,0,0,0,0,0,2445,11-20
2022-11-21,2145,0,0,0,0,0,2145,11-21
2022-11-22,1831,0,0,0,0,0,1831,11-22
2022-11-23,2157,0,893,0,0,0,3050,11-23
2022-11-24,4337,0,893,0,0,0,5230,11-24
2022-11-25,3591,0,1071,0,0,0,4662,11-25
2022-11-26,3945,0,1071,0,0,0,5016,11-26
2022-11-27,5260,0,1071,0,0,0,6331,11-27
2022-11-28,0,0,0,0,0,0,0,11-28
2022-11-29,57,0,0,0,0,0,57,11-29
2022-11-30,3521,0,0,0,0,0,3521,11-30
2022-12-01,4292,0,0,0,0,0,4292,12-01
2022-12-02,3022,0,0,0,0,0,3022,12-02
2022-12-03,5046,0,0,0,0,0,5046,12-03
2022-12-04,2209,0,0,0,0,0,2209,12-04
2022-12-05,0,0,0,0,0,0,0,12-05
2022-12-06,576,0,0,0,0,0,576,12-06
2022-12-07,2754,350,0,0,0,0,3104,12-07
2022-12-08,3532,350,8197,0,0,0,12079,12-08
2022-12-09,2410,350,9836,0,0,0,12596,12-09
2022-12-10,2472,350,9836,1090,0,0,13748,12-10
2022-12-11,5566,350,9836,909,0,0,16661,12-11
2022-12-12,576,350,8197,0,0,0,9123,12-12
2022-12-13,576,350,8197,0,0,0,9123,12-13
2022-12-14,2736,350,8197,0,0,0,11283,12-14
2022-12-15,2177,350,8197,0,0,0,10724,12-15
2022-12-16,3289,350,9836,0,0,300,13775,12-16
2022-12-17,1439,350,9836,0,0,0,11625,12-17
2022-12-18,2343,350,9836,0,0,0,12529,12-18
2022-12-19,0,350,0,0,0,0,350,12-19
2022-12-20,0,0,0,0,0,0,0,12-20
2022-12-21,2110,0,0,0,0,0,2110,12-21
2022-12-22,2773,0,0,0,0,0,2773,12-22
2022-12-23,2757,0,0,0,0,0,2757,12-23
2022-12-24,0,0,0,0,0,0,0,12-24
2022-12-25,0,0,0,0,0,0,0,12-25
2022-12-26,0,0,0,0,0,0,0,12-26
2022-12-27,587,0,0,0,0,0,587,12-27
2022-12-28,513,0,0,0,0,0,513,12-28
2022-12-29,2614,0,0,0,0,0,2614,12-29
2022-12-30,4141,0,0,0,0,0,4141,12-30
2022-12-31,4592,0,0,0,0,0,4592,12-31
2023-01-01,2936,0,0,0,0,0,2936,01-01
2023-01-02,0,0,0,0,0,0,0,01-02
2023-01-03,0,0,0,0,0,0,0,01-03
2023-01-04,0,0,0,0,0,0,0,01-04
2023-01-05,1922,0,0,0,0,0,1922,01-05
2023-01-06,1963,0,0,0,0,0,1963,01-06
2023-01-07,527,0,0,0,0,0,527,01-07
2023-01-08,2492,0,0,0,0,0,2492,01-08
2023-01-09,0,0,0,0,0,0,0,01-09
2023-01-10,0,0,0,0,1805,0,1805,01-10
2023-01-11,0,0,0,0,1805,0,1805,01-11
2023-01-12,2300,0,0,0,1805,0,4105,01-12
2023-01-13,2919,0,0,0,1805,0,4724,01-13
2023-01-14,3236,0,0,0,3610,0,6846,01-14
2023-01-15,2760,0,0,0,0,0,2760,01-15
2023-01-16,0,0,0,0,0,0,0,01-16
2023-01-17,0,0,0,0,0,0,0,01-17
2023-01-18,1714,0,0,0,0,0,1714,01-18
2023-01-19,2240,0,0,0,0,0,2240,01-19
2023-01-20,4031,0,23572,0,0,0,27603,01-20
2023-01-21,953,0,23572,0,1384,0,25909,01-21
2023-01-22,4306,0,23572,0,0,0,27878,01-22
2023-01-23,0,0,19643,0,0,0,19643,01-23
2023-01-24,0,0,19643,0,0,0,19643,01-24
2023-01-25,576,0,19643,0,0,0,20219,01-25
2023-01-26,2756,5260,19643,0,251,0,27910,01-26
2023-01-27,1819,0,23572,0,251,0,25642,01-27
2023-01-28,2683,0,23572,0,502,0,26757,01-28
2023-01-29,2890,0,23572,0,0,0,26462,01-29
2023-01-30,0,0,0,0,0,0,0,01-30
2023-01-31,230,0,0,0,0,0,230,01-31
2023-02-01,2575,0,0,0,0,0,2575,02-01
2023-02-02,2054,0,0,0,251,0,2305,02-02
2023-02-03,1071,0,0,55,251,0,1377,02-03
2023-02-04,5304,0,0,67,502,0,5873,02-04
2023-02-05,2543,0,0,0,0,0,2543,02-05
2023-02-06,1667,0,0,0,0,0,1667,02-06
2023-02-07,0,0,0,0,594,0,594,02-07
2023-02-08,0,0,0,0,0,0,0,02-08
2023-02-09,2262,0,4348,78,0,0,6688,02-09
2023-02-10,3173,0,5217,98,0,0,8488,02-10
2023-02-11,4647,0,5217,118,0,0,9982,02-11
2023-02-12,3527,0,5217,98,0,0,8842,02-12
2023-02-13,2208,0,0,78,0,0,2286,02-13
2023-02-14,576,0,0,0,0,0,576,02-14
2023-02-15,576,0,0,0,0,0,576,02-15
2023-02-16,576,0,0,23810,1805,0,26191,02-16
2023-02-17,3733,0,0,29762,1805,0,35300,02-17
2023-02-18,4157,0,0,35714,1805,0,41676,02-18
2023-02-19,576,0,0,29762,0,0,30338,02-19
2023-02-20,2350,0,0,23810,0,0,26160,02-20
2023-02-21,0,0,0,23810,0,0,23810,02-21
2023-02-22,947,5000,0,23810,0,0,29757,02-22
2023-02-23,0,0,0,23810,251,0,24061,02-23
2023-02-24,3759,0,11000,29762,0,0,44521,02-24
2023-02-25,3455,0,11000,38014,0,0,52469,02-25
2023-02-26,645,0,11000,29762,0,0,41407,02-26
2023-02-27,0,0,0,23810,0,0,23810,02-27
2023-02-28,0,0,150,23810,0,0,23960,02-28
2023-03-01,576,0,0,23810,0,0,24386,03-01
2023-03-02,2384,0,7609,23810,0,0,33803,03-02
2023-03-03,3022,0,9130,29762,0,0,41914,03-03
2023-03-04,3693,0,29130,38014,0,0,70837,03-04
2023-03-05,3213,0,9130,29762,0,0,42105,03-05
2023-03-06,0,0,0,0,0,0,0,03-06
2023-03-07,2374,0,0,0,0,0,2374,03-07
2023-03-08,3890,0,0,0,0,0,3890,03-08
2023-03-09,1963,0,30435,0,0,0,32398,03-09
2023-03-10,3224,0,36522,0,0,300,40046,03-10
2023-03-11,971,0,36522,0,0,0,37493,03-11
2023-03-12,4319,0,36522,0,0,0,40841,03-12
2023-03-13,0,0,0,0,0,0,0,03-13
2023-03-14,0,0,0,0,0,0,0,03-14
2023-03-15,0,0,0,0,0,0,0,03-15
2023-03-16,4693,0,0,0,251,0,4944,03-16
2023-03-17,3837,0,0,0,0,0,3837,03-17
2023-03-18,4339,0,0,0,0,0,4339,03-18
2023-03-19,2052,0,0,0,0,0,2052,03-19
2023-03-20,0,0,3333,0,0,0,3333,03-20
2023-03-21,1576,0,3333,0,0,0,4909,03-21
2023-03-22,462,0,3333,0,0,0,3795,03-22
2023-03-23,2876,0,0,2300,0,0,5176,03-23
2023-03-24,3126,0,0,0,0,0,3126,03-24
2023-03-25,6193,0,6800,0,0,0,12993,03-25
2023-03-26,2505,0,6800,0,0,0,9305,03-26
2023-03-27,0,0,0,0,0,0,0,03-27
2023-03-28,0,0,0,0,0,0,0,03-28
2023-03-29,3114,0,0,0,0,0,3114,03-29
2023-03-30,3041,0,0,0,0,0,3041,03-30
2023-03-31,3678,0,0,0,0,0,3678,03-31
2023-04-01,669,0,0,0,0,0,669,04-01
2023-04-02,6851,0,0,0,0,0,6851,04-02
2023-04-03,2402,0,0,0,0,0,2402,04-03
2023-04-04,576,0,467,0,0,0,1043,04-04
2023-04-05,728,0,467,0,0,0,1195,04-05
2023-04-06,2452,0,467,0,0,0,2919,04-06
2023-04-07,722,0,0,2300,0,0,3022,04-07
2023-04-08,1568,0,0,2300,0,0,3868,04-08
2023-04-09,2545,0,0,2300,0,0,4845,04-09
2023-04-10,192,0,0,0,0,0,192,04-10
2023-04-11,2290,0,0,0,0,0,2290,04-11
2023-04-12,4236,0,0,0,0,0,4236,04-12
2023-04-13,0,0,773,0,251,0,1024,04-13
2023-04-14,4374,0,9160,0,0,0,13534,04-14
2023-04-15,5900,0,8233,0,0,0,14133,04-15
2023-04-16,2550,0,8233,0,0,0,10783,04-16
2023-04-17,0,0,0,0,0,0,0,04-17
2023-04-18,0,0,0,0,0,0,0,04-18
2023-04-19,2215,500,4500,0,0,0,7215,04-19
2023-04-20,2054,500,4500,0,0,0,7054,04-20
2023-04-21,3520,0,0,0,251,0,3771,04-21
2023-04-22,5301,0,0,0,502,0,5803,04-22
2023-04-23,1883,500,0,0,0,0,2383,04-23
2023-04-24,1969,500,0,0,0,0,2469,04-24
2023-04-25,2516,500,0,0,0,0,3016,04-25
2023-04-26,5336,0,0,0,0,0,5336,04-26
2023-04-27,3935,0,0,0,0,0,3935,04-27
2023-04-28,2685,0,0,273,0,0,2958,04-28
2023-04-29,6941,0,0,327,0,0,7268,04-29
2023-04-30,1951,0,1683,0,0,0,3634,04-30
2023-05-01,0,0,1402,0,0,0,1402,05-01
2023-05-02,0,0,1402,0,0,0,1402,05-02
2023-05-03,0,0,1402,0,0,0,1402,05-03
2023-05-04,658,0,0,0,1395,0,2053,05-04
2023-05-05,2936,0,0,0,0,0,2936,05-05
2023-05-06,694,0,0,0,0,0,694,05-06
2023-05-07,2370,0,0,0,0,0,2370,05-07
2023-05-08,0,0,0,488,0,0,488,05-08
2023-05-09,576,0,0,488,0,0,1064,05-09
2023-05-10,0,0,0,488,0,0,488,05-10
2023-05-11,5338,0,0,488,0,0,5826,05-11
2023-05-12,3864,0,1000,610,0,0,5474,05-12
2023-05-13,6093,0,1000,732,0,0,7825,05-13
2023-05-14,509,0,0,610,0,0,1119,05-14
2023-05-15,900,0,0,488,0,0,1388,05-15
2023-05-16,1765,0,0,0,0,0,1765,05-16
2023-05-17,2050,0,0,0,0,0,2050,05-17
2023-05-18,6309,0,0,0,0,0,6309,05-18
2023-05-19,2541,0,0,1008,0,300,3849,05-19
2023-05-20,333,0,1169,1210,0,0,2712,05-20
2023-05-21,4357,0,1169,1008,0,0,6534,05-21
2023-05-22,1917,0,974,300,0,0,3191,05-22
2023-05-23,1357,0,974,0,0,0,2331,05-23
2023-05-24,1674,0,974,2167,0,0,4815,05-24
2023-05-25,3983,0,1112,2167,0,0,7262,05-25
2023-05-26,4085,0,4286,2708,0,0,11079,05-26
2023-05-27,3123,0,4286,3250,0,0,10659,05-27
2023-05-28,6799,0,4286,2708,0,0,13793,05-28
2023-05-29,0,0,3571,2167,0,0,5738,05-29
2023-05-30,0,0,3571,2167,0,0,5738,05-30
2023-05-31,2439,0,0,2859,0,0,5298,05-31
2023-06-01,5000,0,0,2859,0,0,7859,06-01
2023-06-02,2663,0,0,3573,0,0,6236,06-02
2023-06-03,1949,0,0,3250,0,0,5199,06-03
2023-06-04,4467,0,0,2708,0,0,7175,06-04
2023-06-05,0,0,0,2167,0,0,2167,06-05
2023-06-06,0,0,0,2167,0,0,2167,06-06
2023-06-07,2549,0,0,2167,0,0,4716,06-07
2023-06-08,6537,0,0,2167,0,0,8704,06-08
2023-06-09,4425,500,0,0,0,0,4925,06-09
2023-06-10,4513,500,0,0,0,0,5013,06-10
2023-06-11,4626,500,0,0,0,0,5126,06-11
2023-06-12,2487,500,0,0,0,0,2987,06-12
2023-06-13,4227,5500,0,0,0,0,9727,06-13
2023-06-14,1927,500,0,0,0,0,2427,06-14
2023-06-15,6025,500,0,0,0,0,6525,06-15
2023-06-16,6296,0,0,0,0,0,6296,06-16
2023-06-17,10566,0,0,0,0,0,10566,06-17
2023-06-18,1640,0,0,0,0,0,1640,06-18
2023-06-19,0,0,0,0,0,0,0,06-19
2023-06-20,0,0,0,0,0,0,0,06-20
2023-06-21,0,0,0,0,0,0,0,06-21
2023-06-22,4164,0,0,0,0,0,4164,06-22
2023-06-23,1953,0,0,273,0,0,2226,06-23
2023-06-24,3487,500,0,327,0,0,4314,06-24
2023-06-25,453,500,0,0,0,0,953,06-25
2023-06-26,0,500,0,0,0,0,500,06-26
2023-06-27,0,500,0,0,0,0,500,06-27
2023-06-28,3658,500,0,0,0,0,4158,06-28
2023-06-29,9576,0,0,170213,0,0,179789,06-29
2023-06-30,10880,0,0,213066,0,0,223946,06-30
2023-07-01,6387,1000,0,255319,0,0,262706,07-01
2023-07-02,9723,1000,0,212766,0,0,223489,07-02
2023-07-03,6687,1000,0,170213,0,0,177900,07-03
2023-07-04,5180,1000,0,170213,0,0,176393,07-04
2023-07-05,3310,1000,0,170213,0,0,174523,07-05
2023-07-06,3825,0,0,170213,0,0,174038,07-06
2023-07-07,6806,500,0,212766,0,0,220072,07-07
2023-07-08,3998,1500,0,255319,0,0,260817,07-08
2023-07-09,2189,1000,0,0,0,0,3189,07-09
2023-07-10,2233,1000,0,0,0,0,3233,07-10
2023-07-11,230,1000,312,6667,0,0,8209,07-11
2023-07-12,1593,1000,0,6667,0,0,9260,07-12
2023-07-13,568,0,0,13249,0,0,13817,07-13
2023-07-14,2516,0,1667,149894,0,0,154077,07-14
2023-07-15,4681,0,1667,179873,0,0,186221,07-15
2023-07-16,3858,0,1667,149894,0,0,155419,07-16
2023-07-17,0,0,0,119916,0,0,119916,07-17
2023-07-18,0,0,0,119916,0,0,119916,07-18
2023-07-19,237,0,0,120125,0,0,120362,07-19
2023-07-20,2551,0,0,120156,0,0,122707,07-20
2023-07-21,3097,0,0,150428,0,0,153525,07-21
2023-07-22,4119,0,292,180055,0,0,184466,07-22
2023-07-23,4063,0,0,149894,0,0,153957,07-23
2023-07-24,535,0,0,113249,0,0,113784,07-24
2023-07-25,230,0,0,113249,502,0,113981,07-25
2023-07-26,2326,0,0,113249,3524,0,119099,07-26
2023-07-27,1959,0,0,113249,3524,0,118732,07-27
2023-07-28,279,0,0,141561,2138,0,143978,07-28
2023-07-29,2284,0,0,169873,502,0,172659,07-29
2023-07-30,2055,0,0,0,0,0,2055,07-30
2023-07-31,0,0,0,0,0,0,0,07-31
2023-08-01,1769,0,0,0,0,0,1769,08-01
2023-08-02,481,0,0,0,0,0,481,08-02
2023-08-03,1934,0,0,261868,0,0,263802,08-03
2023-08-04,575,0,0,327336,0,0,327911,08-04
2023-08-05,2453,0,0,392803,0,0,395256,08-05
2023-08-06,4038,0,0,327336,0,0,331374,08-06
2023-08-07,0,0,0,261868,0,0,261868,08-07
2023-08-08,0,0,0,261868,0,0,261868,08-08
2023-08-09,2877,0,0,261868,0,0,264745,08-09
