date,vente
2023-08-01,17036.75
2023-07-31,12878.16
2023-07-30,21749.92
2023-07-29,40659.01
2023-07-28,30934.98
2023-07-27,37057.46
2023-07-26,34423.87
2023-07-25,27097.28
2023-07-24,19463.96
2023-07-23,30445.09
2023-07-22,35382.07
2023-07-21,31448.54
2023-07-20,38107.57
2023-07-19,21925.86
2023-07-18,17157.44
2023-07-17,13423.93
2023-07-16,18064.98
2023-07-15,32780.37
2023-07-14,33130.59
2023-07-13,22366.81
2023-07-12,20815.71
2023-07-11,14926.34
2023-07-10,10876.69
2023-07-09,15595.49
2023-07-08,44215.45
2023-07-07,37603.77
2023-07-06,37301.45
2023-07-05,37782.23
2023-07-04,26200.4
2023-07-03,28423.75
2023-07-02,32796.43
2023-07-01,33995.92
2023-06-30,39807.12
2023-06-29,35566.05
2023-06-28,20233.6
2023-06-27,16165.28
2023-06-26,11787.57
2023-06-25,14419.24
2023-06-24,21014.8
2023-06-23,19835.27
2023-06-22,29726.44
2023-06-21,27496.58
2023-06-20,21226.4
2023-06-19,12537.3
2023-06-18,27189.95
2023-06-17,38546.22
2023-06-16,36604.51
2023-06-15,37094.28
2023-06-14,32118.51
2023-06-13,24425.61
2023-06-12,14975.52
2023-06-11,21419.25
2023-06-10,0.0
2023-06-09,72979.57
2023-06-08,26867.75
2023-06-07,24230.6
2023-06-06,18644.43
2023-06-05,11010.71
2023-06-04,20052.76
2023-06-03,30470.65
2023-06-02,25173.32
2023-06-01,25079.45
2023-05-31,24029.49
2023-05-30,19833.45
2023-05-29,21835.55
2023-05-28,16820.12
2023-05-27,28250.22
2023-05-26,20027.08
2023-05-25,26449.53
2023-05-24,18908.1
2023-05-23,13542.26
2023-05-22,18328.69
2023-05-21,21561.93
2023-05-20,33130.85
2023-05-19,33791.64
2023-05-18,25052.35
2023-05-17,24781.9
2023-05-16,22688.75
2023-05-15,15695.51
2023-05-14,17398.3
2023-05-13,25229.97
2023-05-12,32324.88
2023-05-11,31817.86
2023-05-10,30053.36
2023-05-09,21927.69
2023-05-08,15111.09
2023-05-07,22124.03
2023-05-06,29418.82
2023-05-05,18888.29
2023-05-04,24685.47
2023-05-03,22604.64
2023-05-02,24006.33
2023-05-01,17269.41
2023-04-30,20881.79
2023-04-29,23885.73
2023-04-28,21395.9
2023-04-27,23493.48
2023-04-26,25289.12
2023-04-25,20462.23
2023-04-24,12743.22
2023-04-23,13672.95
2023-04-22,24979.57
2023-04-21,23626.31
2023-04-20,27800.26
2023-04-19,23329.72
2023-04-18,16949.02
2023-04-17,15082.28
2023-04-16,19069.33
2023-04-15,28840.26
2023-04-14,30914.53
2023-04-13,29241.37
2023-04-12,20138.01
2023-04-11,16156.96
2023-04-10,9149.08
2023-04-09,11132.96
2023-04-08,25311.81
2023-04-07,21197.22
2023-04-06,28161.84
2023-04-05,19059.55
2023-04-04,15672.26
2023-04-03,14292.79
2023-04-02,17321.79
2023-04-01,23281.74
2023-03-31,19736.43
2023-03-30,22680.5
2023-03-29,18605.92
2023-03-28,18851.84
2023-03-27,11032.91
2023-03-26,14507.96
2023-03-25,20000.6
2023-03-24,19290.56
2023-03-23,21932.38
2023-03-22,19105.7
2023-03-21,17688.49
2023-03-20,9441.3
2023-03-19,18405.64
2023-03-18,26337.32
2023-03-17,22151.23
2023-03-16,25953.36
2023-03-15,26004.89
2023-03-14,18521.84
2023-03-13,11360.81
2023-03-12,12352.53
2023-03-11,24198.74
2023-03-10,18888.76
2023-03-09,21405.05
2023-03-08,19363.69
2023-03-07,15680.5
2023-03-06,7290.88
2023-03-05,15203.16
2023-03-04,25126.67
2023-03-03,25504.49
2023-03-02,24058.13
2023-03-01,22264.73
2023-02-28,15955.36
2023-02-27,10276.78
2023-02-26,16317.54
2023-02-25,36390.13
2023-02-24,25036.25
2023-02-23,18205.66
2023-02-22,22084.76
2023-02-21,18422.87
2023-02-20,12131.68
2023-02-19,19344.28
2023-02-18,25007.15
2023-02-17,22833.04
2023-02-16,24521.77
2023-02-15,20167.8
2023-02-14,16189.45
2023-02-13,9590.42
2023-02-12,21276.08
2023-02-11,26584.23
2023-02-10,20502.36
2023-02-09,20577.18
2023-02-08,19448.1
2023-02-07,12543.57
2023-02-06,7304.74
2023-02-05,7506.73
2023-02-04,16618.28
2023-02-03,19406.46
2023-02-02,18347.62
2023-02-01,17156.8
2023-01-31,17287.8
2023-01-30,5935.7
2023-01-29,15480.21
2023-01-28,22587.27
2023-01-27,19977.71
2023-01-26,19326.66
2023-01-25,18319.22
2023-01-24,16882.71
2023-01-23,4889.34
2023-01-22,16284.27
2023-01-21,27227.81
2023-01-20,21483.54
2023-01-19,21706.18
2023-01-18,18288.22
2023-01-17,17590.07
2023-01-16,11516.73
2023-01-15,16231.39
2023-01-14,21918.81
2023-01-13,18129.87
2023-01-12,21100.52
2023-01-11,18088.14
2023-01-10,11406.17
2023-01-09,9308.2
2023-01-08,11701.32
2023-01-07,19170.07
2023-01-06,19270.6
2023-01-05,19904.13
2023-01-04,15042.41
2023-01-03,12744.59
2023-01-02,15402.63
2023-01-01,0.0
2022-12-31,26550.87
2022-12-30,26902.62
2022-12-29,27897.78
2022-12-28,23726.8
2022-12-27,18125.45
2022-12-26,15312.45
2022-12-25,0.0
2022-12-24,2592.99
2022-12-23,16382.1
2022-12-22,25502.77
2022-12-21,26703.96
2022-12-20,16746.06
2022-12-19,12187.75
2022-12-18,20228.11
2022-12-17,24456.1
2022-12-16,21955.5
2022-12-15,25557.91
2022-12-14,27871.67
2022-12-13,21572.31
2022-12-12,13473.52
2022-12-11,19975.53
2022-12-10,26131.22
2022-12-09,26648.58
2022-12-08,24256.74
2022-12-07,22389.15
2022-12-06,16641.44
2022-12-05,12430.0
2022-12-04,18481.22
2022-12-03,28710.01
2022-12-02,31430.53
2022-12-01,43708.15
2022-11-30,9161.57
2022-11-29,20153.05
2022-11-28,16572.94
2022-11-27,20491.11
2022-11-26,26624.71
2022-11-25,26288.02
2022-11-24,27475.26
2022-11-23,27512.82
2022-11-22,21107.58
2022-11-21,15151.13
2022-11-20,17657.4
2022-11-19,27036.51
2022-11-18,17553.34
2022-11-17,21760.31
2022-11-16,18358.4
2022-11-15,17761.8
2022-11-14,10013.34
2022-11-13,14003.97
2022-11-12,27725.81
2022-11-11,23034.57
2022-11-10,24468.33
2022-11-09,22996.93
2022-11-08,17637.11
2022-11-07,10276.22
2022-11-06,14975.14
2022-11-05,24757.11
2022-11-04,20378.5
2022-11-03,21985.87
2022-11-02,19450.92
2022-11-01,19070.42
2022-10-31,7745.57
2022-10-30,18004.88
2022-10-29,23590.19
2022-10-28,18947.45
2022-10-27,23417.9
2022-10-26,19864.53
2022-10-25,19266.81
2022-10-24,15883.7
2022-10-23,16787.18
2022-10-22,25680.32
2022-10-21,24560.64
2022-10-20,25050.18
2022-10-19,21463.61
2022-10-18,18110.52
2022-10-17,12758.49
2022-10-16,22383.14
2022-10-15,24624.29
2022-10-14,22338.9
2022-10-13,21577.4
2022-10-12,21287.52
2022-10-11,13571.74
2022-10-10,10289.05
2022-10-09,17127.23
2022-10-08,24856.61
2022-10-07,22004.33
2022-10-06,26728.49
2022-10-05,19703.68
2022-10-04,16459.53
2022-10-03,12248.34
2022-10-02,15323.09
2022-10-01,20341.09
2022-09-30,20487.15
2022-09-29,23064.17
2022-09-28,20578.09
2022-09-27,13407.67
2022-09-26,11166.76
2022-09-25,13151.22
2022-09-24,21048.53
2022-09-23,22843.73
2022-09-22,24546.48
2022-09-21,20091.87
2022-09-20,13914.92
2022-09-19,11042.43
2022-09-18,13518.5
2022-09-17,17091.47
2022-09-16,17286.53
2022-09-15,19611.95
2022-09-14,14208.68
2022-09-13,15347.98
2022-09-12,12159.54
2022-09-11,15298.73
2022-09-10,24161.1
2022-09-09,18808.28
2022-09-08,25055.51
2022-09-07,14663.89
2022-09-06,9783.58
2022-09-05,9720.03
2022-09-04,14060.12
2022-09-03,21978.34
2022-09-02,22473.27
2022-09-01,19701.63
2022-08-31,17618.1
2022-08-30,11874.19
2022-08-29,15629.35
2022-08-28,14044.91
2022-08-27,25036.35
2022-08-26,21289.36
2022-08-25,24256.6
2022-08-24,20532.31
2022-08-23,18081.28
2022-08-22,17123.99
2022-08-21,15376.01
2022-08-20,27454.49
2022-08-19,23714.81
2022-08-18,19638.72
2022-08-17,21794.24
2022-08-16,19492.84
2022-08-15,14626.81
2022-08-14,20705.96
2022-08-13,28090.94
2022-08-12,26287.82
2022-08-11,23432.8
2022-08-10,19504.55
2022-08-09,18389.21
2022-08-08,11689.52
2022-08-07,18224.15
2022-08-06,21608.51
2022-08-05,16911.97
2022-08-04,22298.33
2022-08-03,17604.41
2022-08-02,16729.21
2022-08-01,13160.94
2022-07-31,19343.19
2022-07-30,33174.22
2022-07-29,28363.04
2022-07-28,29019.5
2022-07-27,26915.39
2022-07-26,20307.33
2022-07-25,14746.59
2022-07-24,12980.79
2022-07-23,25387.39
2022-07-22,32475.21
2022-07-21,30425.95
2022-07-20,24089.01
2022-07-19,19346.36
2022-07-18,11253.04
2022-07-17,17714.37
2022-07-16,26005.0
2022-07-15,23476.56
2022-07-14,26207.97
2022-07-13,20374.67
2022-07-12,14078.36
2022-07-11,11640.24
2022-07-10,17587.16
2022-07-09,41396.07
2022-07-08,33045.14
2022-07-07,33115.32
2022-07-06,29327.36
2022-07-05,21955.37
2022-07-04,23386.06
2022-07-03,27218.25
2022-07-02,33772.67
2022-07-01,35299.87
2022-06-30,32116.54
2022-06-29,16207.7
2022-06-28,18662.59
2022-06-27,15065.44
2022-06-26,18640.88
2022-06-25,26162.86
2022-06-24,29215.95
2022-06-23,28872.13
2022-06-22,26703.18
2022-06-21,26462.4
2022-06-20,23438.0
2022-06-19,29088.85
2022-06-18,34984.49
2022-06-17,33417.77
2022-06-16,31006.13
2022-06-15,30542.73
2022-06-14,27963.58
2022-06-13,22985.13
2022-06-12,15811.99
2022-06-11,31596.78
2022-06-10,28678.83
2022-06-09,25491.55
2022-06-08,22045.51
2022-06-07,20235.86
2022-06-06,16569.92
2022-06-05,22517.86
2022-06-04,21828.06
2022-06-03,24685.27
2022-06-02,24936.47
2022-06-01,19977.78
2022-05-31,19910.06
2022-05-30,16494.14
2022-05-29,22840.59
2022-05-28,25057.34
2022-05-27,23012.85
2022-05-26,24278.08
2022-05-25,23820.45
2022-05-24,13929.29
2022-05-23,16183.61
2022-05-22,23382.38
2022-05-21,26467.96
2022-05-20,24316.6
2022-05-19,22187.26
2022-05-18,19660.3
2022-05-17,17123.96
2022-05-16,10113.34
2022-05-15,20067.15
2022-05-14,25992.03
2022-05-13,25548.14
2022-05-12,25864.98
2022-05-11,17220.77
2022-05-10,17092.35
2022-05-09,10878.17
2022-05-08,13532.72
2022-05-07,25238.13
2022-05-06,23297.92
2022-05-05,19757.02
2022-05-04,19279.63
2022-05-03,17909.33
2022-05-02,13827.46
2022-05-01,15807.44
2022-04-30,21771.06
2022-04-29,21445.82
2022-04-28,22930.7
2022-04-27,14774.86
2022-04-26,13736.38
2022-04-25,10553.03
2022-04-24,12805.74
2022-04-23,21227.85
2022-04-22,19462.17
2022-04-21,21833.49
2022-04-20,11964.95
2022-04-19,10104.83
2022-04-18,8220.69
2022-04-17,11353.46
2022-04-16,24903.76
2022-04-15,23114.95
2022-04-14,18648.24
2022-04-13,17046.58
2022-04-12,13042.48
2022-04-11,8885.55
2022-04-10,7556.78
2022-04-09,26602.08
2022-04-08,21146.95
2022-04-07,18081.47
2022-04-06,18666.58
2022-04-05,11952.35
2022-04-04,7984.27
2022-04-03,9997.02
2022-04-02,20673.82
2022-04-01,15776.44
2022-03-31,17975.94
2022-03-30,14128.87
2022-03-29,15376.55
2022-03-28,11377.15
2022-03-27,13504.02
2022-03-26,23499.61
2022-03-25,19319.51
2022-03-24,18632.81
2022-03-23,16335.82
2022-03-22,10361.7
2022-03-21,10472.72
2022-03-20,13253.74
2022-03-19,22776.1
2022-03-18,20894.61
2022-03-17,23790.89
2022-03-16,16177.54
2022-03-15,12399.73
2022-03-14,9296.5
2022-03-13,15780.26
2022-03-12,22459.96
2022-03-11,21701.11
2022-03-10,18384.33
2022-03-09,15096.93
2022-03-08,10614.79
2022-03-07,6167.3
2022-03-06,6951.16
2022-03-05,25804.94
2022-03-04,24763.33
2022-03-03,21020.58
2022-03-02,16695.2
2022-03-01,14021.22
2022-02-28,11730.9
2022-02-27,12866.77
2022-02-26,23639.93
2022-02-25,17080.67
2022-02-24,15466.96
2022-02-23,11258.26
2022-02-22,6865.99
2022-02-21,8460.96
2022-02-20,13270.95
2022-02-19,16986.45
2022-02-18,13427.34
2022-02-17,7978.58
2022-02-16,6560.14
2022-02-15,8344.08
2022-02-14,6628.05
2022-02-13,16212.82
2022-02-12,11554.34
2022-02-11,11533.26
2022-02-10,9629.79
2022-02-09,5524.67
2022-02-08,6819.03
2022-02-07,3609.89
2022-02-06,6227.33
2022-02-05,11053.62
2022-02-04,8608.99
2022-02-03,6482.46
2022-02-02,7062.6
2022-02-01,6391.06
2022-01-31,5153.86
2022-01-30,1773.0
2022-01-29,1792.25
2022-01-28,1957.5
2022-01-27,1804.0
2022-01-26,1706.0
2022-01-25,806.75
2022-01-24,609.75
2022-01-23,968.25
2022-01-22,1484.75
2022-01-21,1198.75
2022-01-20,1561.45
2022-01-19,0.0
2022-01-18,23.25
2022-01-17,0.0
2022-01-16,1461.25
2022-01-15,1346.25
2022-01-14,1600.25
2022-01-13,1046.25
2022-01-12,864.25
2022-01-11,615.75
2022-01-10,718.75
2022-01-09,717.0
2022-01-08,1139.75
2022-01-07,1673.75
2022-01-06,947.25
2022-01-05,689.25
2022-01-04,1056.5
2022-01-03,607.0
2022-01-02,0.0
2022-01-01,0.0
2021-12-31,3111.27
2021-12-30,10243.72
2021-12-29,9690.9
2021-12-28,9758.78
2021-12-27,9310.23
2021-12-26,7351.65
2021-12-25,59.75
2021-12-24,2054.39
2021-12-23,8187.91
2021-12-22,8034.81
2021-12-21,8512.81
2021-12-20,8444.87
2021-12-19,7294.26
2021-12-18,73.32
2021-12-17,17067.77
2021-12-16,18761.73
2021-12-15,16051.35
2021-12-14,16123.19
2021-12-13,8695.38
2021-12-12,8445.12
2021-12-11,22982.73
2021-12-10,21782.19
2021-12-09,22869.43
2021-12-08,17036.46
2021-12-07,13400.49
2021-12-06,7664.9
2021-12-05,11199.67
2021-12-04,20396.68
2021-12-03,22468.92
2021-12-02,19954.53
2021-12-01,16503.29
2021-11-30,12222.85
2021-11-29,9020.97
2021-11-28,9575.49
2021-11-27,17956.02
2021-11-26,20224.22
2021-11-25,20414.99
2021-11-24,19390.95
2021-11-23,13217.76
2021-11-22,11041.49
2021-11-21,0.0
2021-11-20,19450.45
2021-11-19,19811.47
2021-11-18,17354.87
2021-11-17,13452.37
2021-11-16,11238.76
2021-11-15,6532.22
2021-11-14,9829.09
2021-11-13,15731.05
2021-11-12,12414.31
2021-11-11,15405.94
2021-11-10,12932.66
2021-11-09,11158.78
2021-11-08,6878.69
2021-11-07,9263.14
2021-11-06,17174.49
2021-11-05,14569.94
2021-11-04,15886.29
2021-11-03,14973.99
2021-11-02,14167.29
2021-11-01,9065.85
2021-10-31,7826.84
2021-10-30,16396.16
2021-10-29,18859.19
2021-10-28,15813.4
2021-10-27,14949.74
2021-10-26,10252.28
2021-10-25,8734.47
2021-10-24,8496.86
2021-10-23,14980.34
2021-10-22,19806.56
2021-10-21,16088.59
2021-10-20,12241.22
2021-10-19,13174.2
2021-10-18,11068.27
2021-10-17,5826.48
2021-10-16,12409.41
2021-10-15,16985.87
2021-10-14,18323.17
2021-10-13,16428.72
2021-10-12,10081.82
2021-10-11,12433.44
2021-10-10,10976.23
2021-10-09,15201.21
2021-10-08,17669.19
2021-10-07,16261.91
2021-10-06,11206.78
2021-10-05,8129.87
2021-10-04,7158.07
2021-10-03,6001.25
2021-10-02,13683.02
2021-10-01,11263.09
2021-09-30,13038.53
2021-09-29,10207.03
2021-09-28,11223.06
2021-09-27,7404.63
2021-09-26,8935.67
2021-09-25,18268.74
2021-09-24,16686.18
2021-09-23,15022.05
2021-09-22,12647.8
2021-09-21,10251.93
2021-09-20,10179.1
2021-09-19,12515.3
2021-09-18,20636.79
2021-09-17,21499.63
2021-09-16,19509.97
2021-09-15,14273.37
2021-09-14,10007.51
2021-09-13,8246.78
2021-09-12,13484.45
2021-09-11,17803.55
2021-09-10,16989.43
2021-09-09,16146.11
2021-09-08,8228.45
2021-09-07,7507.29
2021-09-06,8415.32
2021-09-05,8649.03
2021-09-04,16777.33
2021-09-03,15489.02
2021-09-02,11936.03
2021-09-01,9318.55
2021-08-31,11907.59
2021-08-30,7925.07
2021-08-29,7904.68
2021-08-28,13622.17
2021-08-27,22269.41
2021-08-26,15809.66
2021-08-25,12881.59
2021-08-24,13275.41
2021-08-23,11192.24
2021-08-22,11158.49
2021-08-21,15942.67
2021-08-20,19998.95
2021-08-19,16579.52
2021-08-18,13283.99
2021-08-17,9444.95
2021-08-16,9031.17
2021-08-15,11972.85
2021-08-14,17649.35
2021-08-13,18081.46
2021-08-12,14201.67
2021-08-11,12266.96
2021-08-10,11247.76
2021-08-09,8848.74
2021-08-08,9089.77
2021-08-07,17847.65
2021-08-06,15453.54
2021-08-05,15075.39
2021-08-04,12439.31
2021-08-03,11361.69
2021-08-02,12630.32
2021-08-01,11979.18
2021-07-31,18143.16
2021-07-30,18118.34
2021-07-29,14334.62
2021-07-28,14675.34
2021-07-27,12246.68
2021-07-26,12892.59
2021-07-25,10406.95
2021-07-24,16540.36
2021-07-23,20026.03
2021-07-22,17685.93
2021-07-21,14814.1
2021-07-20,14936.99
2021-07-19,14399.46
2021-07-18,12563.68
2021-07-17,15885.64
2021-07-16,12779.27
2021-07-15,17233.37
2021-07-14,10188.37
2021-07-13,11223.74
2021-07-12,9839.18
2021-07-11,12657.82
2021-07-10,17109.54
2021-07-09,13259.46
2021-07-08,11658.1
2021-07-07,20042.46
2021-07-06,8085.93
2021-07-05,13793.75
2021-07-04,9912.8
2021-07-03,14573.93
2021-07-02,23898.76
2021-07-01,17302.85
2021-06-30,17082.94
2021-06-29,8033.3
2021-06-28,14233.12
2021-06-27,9471.85
2021-06-26,8610.78
2021-06-25,13176.46
2021-06-24,23154.15
2021-06-23,15599.68
2021-06-22,11683.43
2021-06-21,5394.34
2021-06-20,14138.69
2021-06-19,13441.59
2021-06-18,17122.04
2021-06-17,12462.44
2021-06-16,16020.06
2021-06-15,8190.38
2021-06-14,9943.59
2021-06-13,9698.08
2021-06-12,12929.03
2021-06-11,15455.19
2021-06-10,10727.6
2021-06-09,10256.23
2021-06-08,1458.08
2021-06-07,10984.39
2021-06-06,6235.9
2021-06-05,6106.2
2021-06-04,10387.95
2021-06-03,1985.42
2021-06-02,9824.28
2021-06-01,1346.39
2021-05-31,1501.39
2021-05-30,3467.95
2021-05-29,8035.07
2021-05-28,11215.21
2021-05-27,2153.18
2021-05-26,1658.6
2021-05-25,1482.64
2021-05-24,2000.79
2021-05-23,1875.58
2021-05-22,2768.23
2021-05-21,2936.52
2021-05-20,3125.29
2021-05-19,1767.71
2021-05-18,1766.13
2021-05-17,1321.45
2021-05-16,1560.19
2021-05-15,2111.02
2021-05-14,2476.1
2021-05-13,2556.96
2021-05-12,1725.29
2021-05-11,1222.87
2021-05-10,1050.22
2021-05-09,1394.39
2021-05-08,2254.65
2021-05-07,2480.99
2021-05-06,2045.59
2021-05-05,1647.37
2021-05-04,1127.46
2021-05-03,1110.41
2021-05-02,1210.93
2021-05-01,1986.98
2021-04-30,2330.04
2021-04-29,1942.11
2021-04-28,948.92
2021-04-27,1316.12
2021-04-26,1105.47
2021-04-25,995.57
2021-04-24,1995.04
2021-04-23,2030.95
2021-04-22,1878.77
2021-04-21,1250.05
2021-04-20,636.56
2021-04-19,1168.62
2021-04-18,1119.83
2021-04-17,1183.1
2021-04-16,2545.93
2021-04-15,1452.38
2021-04-14,1253.85
2021-04-13,753.12
2021-04-12,1214.42
2021-04-11,1077.93
2021-04-10,1403.14
2021-04-09,2000.5
2021-04-08,1651.72
2021-04-07,1606.76
2021-04-06,0.0
2021-04-05,2089.26
2021-04-04,1191.2
2021-04-03,1145.91
2021-04-02,1010.47
2021-04-01,2093.04
2021-03-31,1027.57
2021-03-30,1309.84
2021-03-29,539.42
2021-03-28,1133.27
2021-03-27,1472.12
2021-03-26,2442.19
2021-03-25,2019.37
2021-03-24,1318.51
2021-03-23,1388.33
2021-03-22,1093.65
2021-03-21,1395.89
2021-03-20,1712.49
2021-03-19,2112.45
2021-03-18,1191.99
2021-03-17,1127.78
2021-03-16,1217.01
2021-03-15,639.63
2021-03-14,1063.7
2021-03-13,1118.94
2021-03-12,1851.72
2021-03-11,2075.66
2021-03-10,1732.72
2021-03-09,952.42
2021-03-08,871.25
2021-03-07,1215.33
2021-03-06,932.88
2021-03-05,1873.87
2021-03-04,1584.92
2021-03-03,1485.49
2021-03-02,1287.01
2021-03-01,733.82
2021-02-28,1195.13
2021-02-27,991.42
2021-02-26,1719.22
2021-02-25,1397.71
2021-02-24,965.9
2021-02-23,770.94
2021-02-22,706.57
2021-02-21,1165.92
2021-02-20,1332.78
2021-02-19,1510.77
2021-02-18,1220.72
2021-02-17,1107.22
2021-02-16,566.06
2021-02-15,676.6
2021-02-14,1455.82
2021-02-13,1661.77
2021-02-12,1390.78
2021-02-11,1334.49
2021-02-10,1220.82
2021-02-09,347.08
2021-02-08,706.53
2021-02-07,7218.55
2021-02-06,1672.76
2021-02-05,1375.48
2021-02-04,1670.63
2021-02-03,1481.73
2021-02-02,750.07
2021-02-01,0.0
2021-01-31,880.11
2021-01-30,1828.89
2021-01-29,2849.28
2021-01-28,1515.63
2021-01-27,621.29
2021-01-26,806.95
2021-01-25,1169.22
2021-01-24,1166.3
2021-01-23,1385.12
2021-01-22,1987.1
2021-01-21,1235.0
2021-01-20,831.49
2021-01-19,588.88
2021-01-18,822.05
2021-01-17,1225.23
2021-01-16,957.37
2021-01-15,1495.3
2021-01-14,926.53
2021-01-13,1312.32
2021-01-12,746.13
2021-01-11,881.21
2021-01-10,844.38
2021-01-09,741.34
2021-01-08,1093.52
2021-01-07,769.89
2021-01-06,929.87
2021-01-05,817.53
2021-01-04,468.28
2021-01-03,0.0
2021-01-02,0.0
2021-01-01,0.0
2020-12-31,0.0
2020-12-30,0.0
2020-12-29,0.0
2020-12-28,0.0
2020-12-27,0.0
2020-12-26,0.0
2020-12-25,0.0
2020-12-24,0.0
2020-12-23,255.42
2020-12-22,648.09
2020-12-21,819.44
2020-12-20,760.75
2020-12-19,812.66
2020-12-18,1736.37
2020-12-17,3242.37
2020-12-16,1796.39
2020-12-15,783.35
2020-12-14,745.93
2020-12-13,757.34
2020-12-12,743.03
2020-12-11,1861.43
2020-12-10,1547.51
2020-12-09,2076.96
2020-12-08,804.82
2020-12-07,690.97
2020-12-06,410.37
2020-12-05,2859.65
2020-12-04,737.53
2020-12-03,905.95
2020-12-02,961.29
2020-12-01,543.14
2020-11-30,552.46
2020-11-29,856.9
2020-11-28,1143.92
2020-11-27,1051.17
2020-11-26,1088.17
2020-11-25,745.54
2020-11-24,735.43
2020-11-23,378.67
2020-11-22,496.21
2020-11-21,618.78
2020-11-20,1389.43
2020-11-19,908.07
2020-11-18,2081.57
2020-11-17,668.0
2020-11-16,663.2
2020-11-15,468.81
2020-11-14,752.08
2020-11-13,2151.55
2020-11-12,1158.94
2020-11-11,980.45
2020-11-10,619.85
2020-11-09,763.37
2020-11-08,595.35
2020-11-07,663.31
2020-11-06,1663.47
2020-11-05,717.45
2020-11-04,1088.45
2020-11-03,897.82
2020-11-02,403.74
2020-11-01,287.1
2020-10-31,606.56
2020-10-30,1566.44
2020-10-29,1231.44
2020-10-28,767.24
2020-10-27,679.63
2020-10-26,495.63
2020-10-25,652.74
2020-10-24,843.85
2020-10-23,1800.05
2020-10-22,1678.28
2020-10-21,856.37
2020-10-20,635.21
2020-10-19,304.35
2020-10-18,674.04
2020-10-17,978.98
2020-10-16,1215.13
2020-10-15,1239.47
2020-10-14,958.48
2020-10-13,584.49
2020-10-12,969.59
2020-10-11,990.58
2020-10-10,1119.58
2020-10-09,1595.26
2020-10-08,1403.7
2020-10-07,886.03
2020-10-06,522.24
2020-10-05,658.11
2020-10-04,591.57
2020-10-03,437.03
2020-10-02,1510.87
2020-10-01,1092.11
2020-09-30,5594.56
2020-09-29,4707.4
2020-09-28,2923.63
2020-09-27,6830.12
2020-09-26,9676.14
2020-09-25,5931.38
2020-09-24,5547.88
2020-09-23,5204.76
2020-09-22,4142.59
2020-09-21,2135.8
2020-09-20,6634.14
2020-09-19,7628.38
2020-09-18,7905.32
2020-09-17,5200.3
2020-09-16,5087.64
2020-09-15,4461.43
2020-09-14,3334.58
2020-09-13,3763.04
2020-09-12,5596.79
2020-09-11,12019.55
2020-09-10,8022.35
2020-09-09,6071.77
2020-09-08,4283.66
2020-09-07,6861.18
2020-09-06,6183.02
2020-09-05,8470.9
2020-09-04,9561.58
2020-09-03,8628.4
2020-09-02,4520.98
2020-09-01,6040.59
2020-08-31,4419.66
2020-08-30,5024.26
2020-08-29,3368.72
2020-08-28,8636.39
2020-08-27,6179.32
2020-08-26,6001.99
2020-08-25,5826.05
2020-08-24,4281.16
2020-08-23,6580.09
2020-08-22,5950.46
2020-08-21,12380.24
2020-08-20,6254.54
2020-08-19,11889.12
2020-08-18,8216.61
2020-08-17,4556.24
2020-08-16,8938.85
2020-08-15,7721.13
2020-08-14,11355.71
2020-08-13,6940.14
2020-08-12,10781.97
2020-08-11,6664.81
2020-08-10,4223.05
2020-08-09,3341.36
2020-08-08,7242.05
2020-08-07,12476.42
2020-08-06,9563.93
2020-08-05,9724.21
2020-08-04,4790.98
2020-08-03,0.0
2020-08-02,3358.34
2020-08-01,9664.61
2020-07-31,6750.41
2020-07-30,7101.76
2020-07-29,3544.22
2020-07-28,6657.34
2020-07-27,2656.82
2020-07-26,4026.76
2020-07-25,4687.98
2020-07-24,7524.79
2020-07-23,5485.57
2020-07-22,4636.72
2020-07-21,4254.82
2020-07-20,2654.51
2020-07-19,2830.09
2020-07-18,4023.97
2020-07-17,6353.31
2020-07-16,5979.53
2020-07-15,4157.64
2020-07-14,3306.48
2020-07-13,4158.07
2020-07-12,3254.91
2020-07-11,4304.84
2020-07-10,6590.19
2020-07-09,5890.8
2020-07-08,4052.41
2020-07-07,3854.12
2020-07-06,5457.03
2020-07-05,2522.84
2020-07-04,6279.99
2020-07-03,5380.6
2020-07-02,4690.09
2020-07-01,4819.13
2020-06-30,5128.47
2020-06-29,3124.34
2020-06-28,0.0
2020-06-27,10414.82
2020-06-26,5745.01
2020-06-25,4759.77
2020-06-24,6815.87
2020-06-23,4821.17
2020-06-22,4349.96
2020-06-21,1288.4
2020-06-20,913.14
2020-06-19,1337.33
2020-06-18,1143.83
2020-06-17,817.64
2020-06-16,786.6
2020-06-15,899.92
2020-06-14,551.06
2020-06-13,1021.98
2020-06-12,1982.44
2020-06-11,0.0
2020-06-10,2042.41
2020-06-09,670.14
2020-06-08,1371.33
2020-06-07,492.5
2020-06-06,474.33
2020-06-05,1745.5
2020-06-04,1292.23
2020-06-03,1150.48
2020-06-02,1113.93
2020-06-01,1245.58
2020-05-31,1075.57
2020-05-30,894.75
2020-05-29,2386.96
2020-05-28,1941.74
2020-05-27,1082.84
2020-05-26,871.6
2020-05-25,842.88
2020-05-24,834.5
2020-05-23,1386.01
2020-05-22,2454.55
2020-05-21,1075.55
2020-05-20,1099.36
2020-05-19,570.15
2020-05-18,1274.1
2020-05-17,1102.82
2020-05-16,973.95
2020-05-15,1435.44
2020-05-14,1350.2
2020-05-13,1274.0
2020-05-12,1043.7
2020-05-11,1044.0
2020-05-10,1259.5
2020-05-09,986.95
2020-05-08,2144.63
2020-05-07,1421.64
2020-05-06,475.31
2020-05-05,779.26
2020-05-04,1097.85
2020-05-03,1501.21
2020-05-02,984.35
2020-05-01,1456.39
2020-04-30,1155.93
2020-04-29,893.1
2020-04-28,704.2
2020-04-27,545.75
2020-04-26,778.75
2020-04-25,753.56
2020-04-24,1328.18
2020-04-23,712.5
2020-04-22,438.15
2020-04-21,435.75
2020-04-20,745.65
2020-04-19,1368.95
2020-04-18,672.25
2020-04-17,891.5
2020-04-16,554.25
2020-04-15,1292.7
2020-04-14,1799.95
2020-04-13,0.0
2020-04-12,923.5
2020-04-11,655.5
2020-04-10,787.75
2020-04-09,854.4
2020-04-08,788.6
2020-04-07,420.73
2020-04-06,556.76
2020-04-05,820.6
2020-04-04,827.94
2020-04-03,625.05
2020-04-02,498.18
2020-04-01,777.2
2020-03-31,612.74
2020-03-30,1205.87
2020-03-29,754.81
2020-03-28,1233.79
2020-03-27,980.38
2020-03-26,682.78
2020-03-25,1371.0
2020-03-24,1053.0
2020-03-23,634.5
2020-03-22,563.48
2020-03-21,620.0
2020-03-20,4225.98
2020-03-19,4231.3
2020-03-18,4577.17
2020-03-17,4240.02
2020-03-16,4906.39
2020-03-15,4095.01
2020-03-14,5777.24
2020-03-13,10167.49
2020-03-12,16405.05
2020-03-11,15742.21
2020-03-10,13974.17
2020-03-09,8222.9
2020-03-08,8170.13
2020-03-07,23222.7
2020-03-06,19917.05
2020-03-05,20578.58
2020-03-04,16784.35
2020-03-03,13307.17
2020-03-02,10646.65
2020-03-01,16130.69
2020-02-29,32053.89
2020-02-28,28463.01
2020-02-27,21041.04
2020-02-26,17980.06
2020-02-25,15412.97
2020-02-24,9974.41
2020-02-23,12718.67
2020-02-22,23654.63
2020-02-21,25838.21
2020-02-20,22658.05
2020-02-19,16626.97
2020-02-18,14383.6
2020-02-17,7002.97
2020-02-16,11237.18
2020-02-15,19980.52
2020-02-14,21515.75
2020-02-13,18712.98
2020-02-12,17914.58
2020-02-11,14272.94
2020-02-10,12768.89
2020-02-09,9909.1
2020-02-08,23526.43
2020-02-07,20123.69
2020-02-06,18915.16
2020-02-05,18106.05
2020-02-04,15602.38
2020-02-03,5483.28
2020-02-02,18517.34
2020-02-01,13976.97
2020-01-31,21222.53
2020-01-30,19363.89
2020-01-29,15199.27
2020-01-28,10720.28
2020-01-27,7085.35
2020-01-26,7788.77
2020-01-25,18966.99
2020-01-24,21453.99
2020-01-23,16447.85
2020-01-22,16957.85
2020-01-21,12889.51
2020-01-20,10046.5
2020-01-19,11986.36
2020-01-18,21406.39
2020-01-17,22755.78
2020-01-16,19965.29
2020-01-15,16684.29
2020-01-14,12303.45
2020-01-13,10404.76
2020-01-12,10763.42
2020-01-11,18284.86
2020-01-10,21887.06
2020-01-09,17880.38
2020-01-08,10866.0
2020-01-07,8131.63
2020-01-06,8448.54
2020-01-05,10431.86
2020-01-04,22761.01
2020-01-03,12080.74
2020-01-02,15542.76
2020-01-01,0.0
2019-12-31,15495.5
2019-12-30,15731.11
2019-12-29,17288.94
2019-12-28,23660.06
2019-12-27,18514.35
2019-12-26,15713.9
2019-12-25,0.0
2019-12-24,5845.75
2019-12-23,15236.66
2019-12-22,14399.69
2019-12-21,19756.86
2019-12-20,22417.61
2019-12-19,23063.73
2019-12-18,18912.74
2019-12-17,12931.36
2019-12-16,10184.55
2019-12-15,10899.22
2019-12-14,22163.92
2019-12-13,21578.29
2019-12-12,19849.08
2019-12-11,20177.51
2019-12-10,13445.04
2019-12-09,7654.18
2019-12-08,8120.23
2019-12-07,21638.99
2019-12-06,22421.33
2019-12-05,21517.41
2019-12-04,16816.01
2019-12-03,15529.5
2019-12-02,8131.22
2019-12-01,9852.49
2019-11-30,19515.68
2019-11-29,23671.75
2019-11-28,21368.77
2019-11-27,13800.5
2019-11-26,19429.25
2019-11-25,16912.0
2019-11-24,13139.62
2019-11-23,24471.01
2019-11-22,22018.06
2019-11-21,19089.29
2019-11-20,16980.89
2019-11-19,15881.19
2019-11-18,12594.75
2019-11-17,10163.21
2019-11-16,21071.62
2019-11-15,25800.39
2019-11-14,23001.25
2019-11-13,17162.56
2019-11-12,14039.23
2019-11-11,7575.54
2019-11-10,13694.07
2019-11-09,19510.22
2019-11-08,20338.44
2019-11-07,20425.42
2019-11-06,17258.94
2019-11-05,15417.83
2019-11-04,2164.53
2019-11-03,11762.3
2019-11-02,19867.67
2019-11-01,20892.01
2019-10-31,18985.05
2019-10-30,21431.92
2019-10-29,15823.45
2019-10-28,9156.09
2019-10-27,13423.87
2019-10-26,20451.32
2019-10-25,22913.98
2019-10-24,19128.55
2019-10-23,18037.08
2019-10-22,14996.71
2019-10-21,9222.78
2019-10-20,15808.72
2019-10-19,14793.58
2019-10-18,22158.7
2019-10-17,20962.97
2019-10-16,14991.71
2019-10-15,13547.82
2019-10-14,4576.28
2019-10-13,11318.62
2019-10-12,16505.04
2019-10-11,18349.52
2019-10-10,21768.22
2019-10-09,21522.57
2019-10-08,14464.9
2019-10-07,16356.55
2019-10-06,11976.8
2019-10-05,21738.42
2019-10-04,21430.15
2019-10-03,18767.13
2019-10-02,16160.33
2019-10-01,12545.23
2019-09-30,5457.61
2019-09-29,11818.48
2019-09-28,18737.14
2019-09-27,26396.99
2019-09-26,21133.52
2019-09-25,16805.79
2019-09-24,11698.38
2019-09-23,10078.56
2019-09-22,23543.0
2019-09-21,28120.96
2019-09-20,28432.52
2019-09-19,20496.29
2019-09-18,17224.65
2019-09-17,14211.31
2019-09-16,10304.4
2019-09-15,14788.79
2019-09-14,16226.09
2019-09-13,19817.53
2019-09-12,22846.77
2019-09-11,18443.05
2019-09-10,13363.68
2019-09-09,9495.1
2019-09-08,15013.67
2019-09-07,18399.03
2019-09-06,23563.88
2019-09-05,22551.16
2019-09-04,11963.78
2019-09-03,11029.23
2019-09-02,3251.5
2019-09-01,11969.75
2019-08-31,14230.14
2019-08-30,17976.58
2019-08-29,18966.97
2019-08-28,15881.86
2019-08-27,10651.94
2019-08-26,10563.67
2019-08-25,8794.28
2019-08-24,21882.7
2019-08-23,16941.21
2019-08-22,19175.81
2019-08-21,18550.8
2019-08-20,16344.18
2019-08-19,11422.53
2019-08-18,13647.84
2019-08-17,23273.42
2019-08-16,22023.88
2019-08-15,20454.36
2019-08-14,13897.61
2019-08-13,11071.02
2019-08-12,10812.4
2019-08-11,13673.71
2019-08-10,24005.07
2019-08-09,27359.21
2019-08-08,23476.86
2019-08-07,19912.09
2019-08-06,14326.39
2019-08-05,11310.05
2019-08-04,10499.31
2019-08-03,14264.6
2019-08-02,20994.5
2019-08-01,18258.36
2019-07-31,13984.14
2019-07-30,13313.45
2019-07-29,7765.59
2019-07-28,15751.39
2019-07-27,28722.09
2019-07-26,31310.96
2019-07-25,30173.84
2019-07-24,25887.15
2019-07-23,18168.16
2019-07-22,14362.65
2019-07-21,18117.08
2019-07-20,28129.86
2019-07-19,32347.77
2019-07-18,29888.39
2019-07-17,24908.42
2019-07-16,19152.36
2019-07-15,13188.25
2019-07-14,14938.86
2019-07-13,22162.16
2019-07-12,21472.16
2019-07-11,21314.72
2019-07-10,19789.59
2019-07-09,13869.78
2019-07-08,11442.1
2019-07-07,20509.72
2019-07-06,37556.59
2019-07-05,36912.95
2019-07-04,32137.62
2019-07-03,28637.33
2019-07-02,26598.61
2019-07-01,22759.41
2019-06-30,26682.66
2019-06-29,31304.78
2019-06-28,36808.28
2019-06-27,35199.3
2019-06-26,17136.98
2019-06-25,9121.63
2019-06-24,11525.62
2019-06-23,14251.13
2019-06-22,30679.77
2019-06-21,30142.9
2019-06-20,24778.5
2019-06-19,26091.27
2019-06-18,20499.05
2019-06-17,17193.49
2019-06-16,16798.13
2019-06-15,19723.46
2019-06-14,27680.96
2019-06-13,25138.7
2019-06-12,25201.23
2019-06-11,14064.42
2019-06-10,24613.47
2019-06-09,24396.42
2019-06-08,33096.71
2019-06-07,32810.66
2019-06-06,29778.52
2019-06-05,23240.7
2019-06-04,15067.7
2019-06-03,13977.55
2019-06-02,12590.77
2019-06-01,29054.33
2019-05-31,23734.18
2019-05-30,27705.64
2019-05-29,22001.3
2019-05-28,14656.69
2019-05-27,15644.1
2019-05-26,14606.59
2019-05-25,25581.04
2019-05-24,22197.22
2019-05-23,24133.8
2019-05-22,18635.24
2019-05-21,16616.11
2019-05-20,10534.12
2019-05-19,17704.88
2019-05-18,21040.22
2019-05-17,26657.64
2019-05-16,24521.32
2019-05-15,20871.42
2019-05-14,14899.94
2019-05-13,13181.92
2019-05-12,11823.16
2019-05-11,17905.54
2019-05-10,21307.79
2019-05-09,24400.27
2019-05-08,19008.49
2019-05-07,20445.58
2019-05-06,14067.7
2019-05-05,12994.62
2019-05-04,26976.56
2019-05-03,22262.33
2019-05-02,20875.23
2019-05-01,20016.58
2019-04-30,16771.07
2019-04-29,12382.86
2019-04-28,12109.29
2019-04-27,21084.96
2019-04-26,24671.44
2019-04-25,21632.79
2019-04-24,17874.7
2019-04-23,13839.46
2019-04-22,10190.11
2019-04-21,10942.69
2019-04-20,16448.44
2019-04-19,18278.7
2019-04-18,23105.01
2019-04-17,17916.14
2019-04-16,17725.68
2019-04-15,16623.65
2019-04-14,10516.12
2019-04-13,24562.64
2019-04-12,26011.5
2019-04-11,21354.4
2019-04-10,19495.68
2019-04-09,15243.66
2019-04-08,9209.85
2019-04-07,8336.82
2019-04-06,21237.93
2019-04-05,23905.89
2019-04-04,21504.97
2019-04-03,16088.43
2019-04-02,17112.91
2019-04-01,0.0
2019-03-31,7348.63
2019-03-30,18213.08
2019-03-29,24208.1
2019-03-28,22484.46
2019-03-27,17541.77
2019-03-26,16403.31
2019-03-25,10092.56
2019-03-24,13597.65
2019-03-23,18122.32
2019-03-22,21264.77
2019-03-21,19861.91
2019-03-20,15420.42
2019-03-19,11602.38
2019-03-18,8242.05
2019-03-17,7382.56
2019-03-16,19877.98
2019-03-15,23003.57
2019-03-14,18192.62
2019-03-13,14419.15
2019-03-12,17774.58
2019-03-11,9420.04
2019-03-10,8136.34
2019-03-09,15687.33
2019-03-08,18289.16
2019-03-07,17198.96
2019-03-06,15246.66
2019-03-05,12157.94
2019-03-04,8959.62
2019-03-03,13472.27
2019-03-02,30607.78
2019-03-01,25889.74
2019-02-28,23455.33
2019-02-27,19196.02
2019-02-26,12601.89
2019-02-25,9116.76
2019-02-24,9327.63
2019-02-23,24669.62
2019-02-22,28504.47
2019-02-21,20141.72
2019-02-20,15404.69
2019-02-19,14905.1
2019-02-18,8288.04
2019-02-17,11375.11
2019-02-16,23271.27
2019-02-15,21083.77
2019-02-14,23075.31
2019-02-13,15677.72
2019-02-12,14974.43
2019-02-11,9627.25
2019-02-10,7763.88
2019-02-09,21874.46
2019-02-08,22270.89
2019-02-07,20219.58
2019-02-06,16270.35
2019-02-05,12182.09
2019-02-04,7149.89
2019-02-03,21503.96
2019-02-02,18149.07
2019-02-01,19810.53
2019-01-31,20127.76
2019-01-30,12336.89
2019-01-29,10993.87
2019-01-28,4639.03
2019-01-27,7876.12
2019-01-26,19248.1
2019-01-25,22841.59
2019-01-24,17472.76
2019-01-23,16779.32
2019-01-22,14076.13
2019-01-21,8127.72
2019-01-20,15480.16
2019-01-19,19503.94
2019-01-18,25252.55
2019-01-17,18740.71
2019-01-16,15692.77
2019-01-15,13287.72
2019-01-14,10955.6
2019-01-13,8569.77
2019-01-12,18830.72
2019-01-11,18944.15
2019-01-10,15657.11
2019-01-09,12253.84
2019-01-08,10744.03
2019-01-07,8165.34
2019-01-06,7034.01
2019-01-05,16897.9
2019-01-04,12143.36
2019-01-03,13457.31
2019-01-02,9642.11
2019-01-01,0.0
2018-12-31,17366.34
2018-12-30,17512.79
2018-12-29,23793.76
2018-12-28,18630.41
2018-12-27,15473.76
2018-12-26,11788.95
2018-12-25,0.0
2018-12-24,2712.64
2018-12-23,15021.14
2018-12-22,16209.34
2018-12-21,21087.7
2018-12-20,23991.61
2018-12-19,20036.8
2018-12-18,15305.43
2018-12-17,14056.79
2018-12-16,13586.43
2018-12-15,21595.02
2018-12-14,24862.1
2018-12-13,21186.02
2018-12-12,18806.45
2018-12-11,12679.64
2018-12-10,9919.99
2018-12-09,10901.12
2018-12-08,18682.36
2018-12-07,21343.45
2018-12-06,18499.48
2018-12-05,18320.08
2018-12-04,14082.2
2018-12-03,10215.08
2018-12-02,8524.88
2018-12-01,21346.59
2018-11-30,22959.19
2018-11-29,17490.03
2018-11-28,16168.98
2018-11-27,16774.67
2018-11-26,7942.38
2018-11-25,11745.89
2018-11-24,22152.13
2018-11-23,23428.89
2018-11-22,20155.26
2018-11-21,15297.38
2018-11-20,9739.53
2018-11-19,10212.33
2018-11-18,11730.63
2018-11-17,18534.68
2018-11-16,19974.54
2018-11-15,20615.12
2018-11-14,17177.59
2018-11-13,17313.56
2018-11-12,7616.43
2018-11-11,9982.0
2018-11-10,18847.39
2018-11-09,25152.78
2018-11-08,20522.74
2018-11-07,16377.16
2018-11-06,13772.03
2018-11-05,9195.91
2018-11-04,10390.22
2018-11-03,19564.99
2018-11-02,21971.75
2018-11-01,20552.59
2018-10-31,14264.33
2018-10-30,16939.85
2018-10-29,9818.77
2018-10-28,11584.48
2018-10-27,20834.68
2018-10-26,22716.28
2018-10-25,20870.74
2018-10-24,17011.45
2018-10-23,16253.33
2018-10-22,6154.96
2018-10-21,13275.73
2018-10-20,16003.95
2018-10-19,19394.23
2018-10-18,17802.89
2018-10-17,18389.29
2018-10-16,15762.56
2018-10-15,9497.25
2018-10-14,10573.87
2018-10-13,18843.99
2018-10-12,21949.18
2018-10-11,21346.71
2018-10-10,16821.81
2018-10-09,13178.35
2018-10-08,6957.05
2018-10-07,11569.23
2018-10-06,21635.39
2018-10-05,17181.42
2018-10-04,22051.55
2018-10-03,18540.03
2018-10-02,13186.2
2018-10-01,6985.5
2018-09-30,8951.72
2018-09-29,14699.84
2018-09-28,21553.55
2018-09-27,17888.97
2018-09-26,17325.79
2018-09-25,12552.62
2018-09-24,8288.02
2018-09-23,16315.39
2018-09-22,19714.53
2018-09-21,22545.44
2018-09-20,19867.79
2018-09-19,16948.13
2018-09-18,13181.96
2018-09-17,10895.62
2018-09-16,12118.23
2018-09-15,22381.16
2018-09-14,22502.52
2018-09-13,19548.08
2018-09-12,17742.98
2018-09-11,14558.69
2018-09-10,9165.76
2018-09-09,12727.76
2018-09-08,20291.99
2018-09-07,15821.95
2018-09-06,18495.69
2018-09-05,13732.5
2018-09-04,8798.28
2018-09-03,8322.65
2018-09-02,13007.46
2018-09-01,21066.08
2018-08-31,19498.07
2018-08-30,15834.08
2018-08-29,15370.42
2018-08-28,12953.59
2018-08-27,9037.57
2018-08-26,10268.13
2018-08-25,17940.02
2018-08-24,22533.67
2018-08-23,18594.99
2018-08-22,14890.39
2018-08-21,11212.8
2018-08-20,11359.1
2018-08-19,12315.59
2018-08-18,16619.08
2018-08-17,14294.05
2018-08-16,16417.4
2018-08-15,13494.85
2018-08-14,13491.7
2018-08-13,9886.72
2018-08-12,10350.66
2018-08-11,16137.77
2018-08-10,17512.23
2018-08-09,17610.59
2018-08-08,15885.79
2018-08-07,13763.17
2018-08-06,11046.86
2018-08-05,9811.05
2018-08-04,19745.24
2018-08-03,22521.0
2018-08-02,20045.3
2018-08-01,15894.73
2018-07-31,11210.3
2018-07-30,9894.84
2018-07-29,12447.71
2018-07-28,26357.01
2018-07-27,28473.35
2018-07-26,28986.66
2018-07-25,21000.04
2018-07-24,13633.06
2018-07-23,14491.54
2018-07-22,20215.44
2018-07-21,25724.53
2018-07-20,29828.91
2018-07-19,29180.18
2018-07-18,20351.46
2018-07-17,17091.23
2018-07-16,10445.92
2018-07-15,17559.68
2018-07-14,19938.67
2018-07-13,20879.43
2018-07-12,21163.96
2018-07-11,19533.45
2018-07-10,17631.48
2018-07-09,8527.73
2018-07-08,9892.57
2018-07-07,39766.27
2018-07-06,39022.58
2018-07-05,28664.18
2018-07-04,27660.88
2018-07-03,24959.52
2018-07-02,26483.48
2018-07-01,30277.97
2018-06-30,35498.11
2018-06-29,35270.07
2018-06-28,30192.55
2018-06-27,17101.03
2018-06-26,13330.52
2018-06-25,12809.72
2018-06-24,20326.16
2018-06-23,28682.43
2018-06-22,27347.37
2018-06-21,25486.31
2018-06-20,21615.57
2018-06-19,15901.51
2018-06-18,12554.2
2018-06-17,18839.49
2018-06-16,30351.36
2018-06-15,36817.98
2018-06-14,23536.74
2018-06-13,22313.69
2018-06-12,22681.03
2018-06-11,16888.87
2018-06-10,20185.96
2018-06-09,34092.19
2018-06-08,32969.39
2018-06-07,25595.85
2018-06-06,19859.0
2018-06-05,10006.51
2018-06-04,10446.8
2018-06-03,14623.07
2018-06-02,22035.58
2018-06-01,23670.72
2018-05-31,23968.68
2018-05-30,17433.16
2018-05-29,16167.57
2018-05-28,15993.55
2018-05-27,15987.28
2018-05-26,24753.53
2018-05-25,21973.1
2018-05-24,19116.96
2018-05-23,20380.36
2018-05-22,11552.87
2018-05-21,9853.7
2018-05-20,16109.9
2018-05-19,22221.12
2018-05-18,18183.11
2018-05-17,19400.98
2018-05-16,18692.58
2018-05-15,16152.55
2018-05-14,12322.0
2018-05-13,10592.12
2018-05-12,18216.79
2018-05-11,21777.77
2018-05-10,24732.14
2018-05-09,19195.81
2018-05-08,14277.9
2018-05-07,13138.53
2018-05-06,12630.89
2018-05-05,19846.66
2018-05-04,22431.42
2018-05-03,20874.53
2018-05-02,21203.23
2018-05-01,17035.59
2018-04-30,9670.66
2018-04-29,5747.82
2018-04-28,16972.01
2018-04-27,20488.28
2018-04-26,19630.81
2018-04-25,17439.23
2018-04-24,15277.27
2018-04-23,9555.2
2018-04-22,7355.64
2018-04-21,16302.75
2018-04-20,21127.75
2018-04-19,18727.35
2018-04-18,14128.13
2018-04-17,11697.92
2018-04-16,8962.04
2018-04-15,6514.02
2018-04-14,16006.14
2018-04-13,21397.61
2018-04-12,17493.11
2018-04-11,13441.38
2018-04-10,10811.85
2018-04-09,7452.67
2018-04-08,5594.55
2018-04-07,15690.35
2018-04-06,19538.3
2018-04-05,15027.47
2018-04-04,12264.07
2018-04-03,8429.36
2018-04-02,7983.26
2018-04-01,6793.92
2018-03-31,14636.17
2018-03-30,12897.8
2018-03-29,19887.62
2018-03-28,14967.96
2018-03-27,10825.25
2018-03-26,11643.56
2018-03-25,9623.64
2018-03-24,16828.93
2018-03-23,23151.47
2018-03-22,18637.87
2018-03-21,17477.53
2018-03-20,13877.16
2018-03-19,9127.55
2018-03-18,9309.23
2018-03-17,18546.68
2018-03-16,21754.47
2018-03-15,20326.03
2018-03-14,16861.19
2018-03-13,12786.78
2018-03-12,8841.96
2018-03-11,6705.45
2018-03-10,11694.78
2018-03-09,0.0
2018-03-08,0.0
2018-03-07,17671.71
2018-03-06,13801.5
2018-03-05,10150.52
2018-03-04,11044.17
2018-03-03,30780.9
2018-03-02,23498.07
2018-03-01,19139.63
2018-02-28,16700.76
2018-02-27,13317.44
2018-02-26,7054.46
2018-02-25,10805.97
2018-02-24,23983.35
2018-02-23,20474.04
2018-02-22,20377.72
2018-02-21,16263.25
2018-02-20,13892.4
2018-02-19,7051.52
2018-02-18,13509.58
2018-02-17,18121.35
2018-02-16,21988.9
2018-02-15,18436.92
2018-02-14,14929.53
2018-02-13,14933.07
2018-02-12,7651.4
2018-02-11,10949.39
2018-02-10,18269.5
2018-02-09,18965.61
2018-02-08,17873.17
2018-02-07,15936.24
2018-02-06,10455.92
2018-02-05,7328.5
2018-02-04,13024.11
2018-02-03,13586.72
2018-02-02,17437.83
2018-02-01,17576.44
2018-01-31,12604.17
2018-01-30,16083.45
2018-01-29,11458.85
2018-01-28,8546.9
2018-01-27,15467.0
2018-01-26,23858.63
2018-01-25,18326.39
2018-01-24,16324.44
2018-01-23,9966.38
2018-01-22,7125.34
2018-01-21,10810.73
2018-01-20,19750.58
2018-01-19,19675.02
2018-01-18,16021.93
2018-01-17,16708.99
2018-01-16,9239.99
2018-01-15,6919.67
2018-01-14,6504.25
2018-01-13,18452.2
2018-01-12,20643.74
2018-01-11,20410.78
2018-01-10,14182.95
2018-01-09,13898.08
2018-01-08,11876.95
2018-01-07,6198.69
2018-01-06,17826.56
2018-01-05,19489.86
2018-01-04,14927.01
2018-01-03,9108.68
2018-01-02,0.0
2018-01-01,11082.71
2017-12-31,12638.6
2017-12-30,20801.56
2017-12-29,16886.98
2017-12-28,12216.34
2017-12-27,17009.39
2017-12-26,10336.38
2017-12-25,4504.78
2017-12-24,4871.72
2017-12-23,18698.73
2017-12-22,21597.91
2017-12-21,24649.92
2017-12-20,22329.59
2017-12-19,14637.93
2017-12-18,11254.48
2017-12-17,12401.65
2017-12-16,22349.78
2017-12-15,22629.41
2017-12-14,22231.65
2017-12-13,15739.21
2017-12-12,14491.32
2017-12-11,8724.03
2017-12-10,11926.38
2017-12-09,21690.43
2017-12-08,23292.97
2017-12-07,21588.07
2017-12-06,16565.43
2017-12-05,25803.49
2017-12-04,20970.87
2017-12-03,19095.09
2017-12-02,24124.98
2017-12-01,24469.45
2017-11-30,20587.41
2017-11-29,17347.73
2017-11-28,10766.23
2017-11-27,9581.94
2017-11-26,8559.29
2017-11-25,17274.25
2017-11-24,21170.17
2017-11-23,19945.44
2017-11-22,14109.08
2017-11-21,9838.45
2017-11-20,10716.87
2017-11-19,7062.54
2017-11-18,21938.96
2017-11-17,18776.03
2017-11-16,21331.44
2017-11-15,16269.1
2017-11-14,13702.12
2017-11-13,4944.21
2017-11-12,7278.54
2017-11-11,20050.38
2017-11-10,18793.69
2017-11-09,19297.46
2017-11-08,14058.91
2017-11-07,12615.68
2017-11-06,7167.62
2017-11-05,12086.67
2017-11-04,18334.08
2017-11-03,21003.92
2017-11-02,20588.9
2017-11-01,19017.38
2017-10-31,16087.12
2017-10-30,12831.3
2017-10-29,15762.97
2017-10-28,26455.84
2017-10-27,26743.45
2017-10-26,22095.72
2017-10-25,18283.68
2017-10-24,14709.99
2017-10-23,8198.04
2017-10-22,10594.14
2017-10-21,16207.73
2017-10-20,18345.95
2017-10-19,17447.52
2017-10-18,14685.43
2017-10-17,13546.25
2017-10-16,7146.26
2017-10-15,14227.91
2017-10-14,17697.95
2017-10-13,20519.77
2017-10-12,20436.12
2017-10-11,15451.68
2017-10-10,16217.87
2017-10-09,9027.42
2017-10-08,16632.66
2017-10-07,18739.53
2017-10-06,20488.15
2017-10-05,23048.03
2017-10-04,16399.81
2017-10-03,13400.87
2017-10-02,8122.2
2017-10-01,9396.64
2017-09-30,14908.97
2017-09-29,21200.6
2017-09-28,17896.3
2017-09-27,19904.68
2017-09-26,14776.35
2017-09-25,10658.89
2017-09-24,10960.69
2017-09-23,16790.02
2017-09-22,19554.29
2017-09-21,18573.18
2017-09-20,17552.72
2017-09-19,13201.37
2017-09-18,9377.79
2017-09-17,10945.46
2017-09-16,21028.27
2017-09-15,16767.52
2017-09-14,15598.24
2017-09-13,11799.09
2017-09-12,10323.82
2017-09-11,8233.13
2017-09-10,11553.78
2017-09-09,13011.35
2017-09-08,14920.47
2017-09-07,15245.01
2017-09-06,12359.02
2017-09-05,7820.65
2017-09-04,8140.67
2017-09-03,5770.76
2017-09-02,19604.34
2017-09-01,12429.4
2017-08-31,16698.71
2017-08-30,13355.36
2017-08-29,11316.48
2017-08-28,0.0
2017-08-27,8933.23
2017-08-26,22624.0
2017-08-25,20120.15
2017-08-24,17289.37
2017-08-23,18332.35
2017-08-22,9792.49
2017-08-21,7592.23
2017-08-20,15771.79
2017-08-19,14609.35
2017-08-18,15314.18
2017-08-17,16148.4
2017-08-16,10410.59
2017-08-15,8570.68
2017-08-14,10336.81
2017-08-13,14070.87
2017-08-12,20864.85
2017-08-11,23194.14
2017-08-10,16801.08
2017-08-09,14336.84
2017-08-08,13113.26
2017-08-07,8546.47
2017-08-06,16073.51
2017-08-05,19859.24
2017-08-04,15762.24
2017-08-03,15980.47
2017-08-02,14258.25
2017-08-01,10610.24
2017-07-31,11370.5
2017-07-30,18622.66
2017-07-29,34090.72
2017-07-28,28826.87
2017-07-27,27144.82
2017-07-26,18101.91
2017-07-25,17206.41
2017-07-24,14075.42
2017-07-23,21206.09
2017-07-22,29964.38
2017-07-21,29572.07
2017-07-20,24443.34
2017-07-19,19328.97
2017-07-18,16968.89
2017-07-17,14272.02
2017-07-16,20161.82
2017-07-15,26647.27
2017-07-14,25920.19
2017-07-13,20841.52
2017-07-12,15325.25
2017-07-11,10285.0
2017-07-10,8001.78
2017-07-09,10120.87
2017-07-08,30972.48
2017-07-07,29767.12
2017-07-06,26232.82
2017-07-05,26417.75
2017-07-04,24557.97
2017-07-03,21406.84
2017-07-02,26532.53
2017-07-01,29475.17
2017-06-30,28364.96
2017-06-29,22613.53
2017-06-28,25613.38
2017-06-27,11942.98
2017-06-26,5662.3
2017-06-25,8276.14
2017-06-24,16464.01
2017-06-23,17163.13
2017-06-22,24102.92
2017-06-21,18339.05
2017-06-20,13628.94
2017-06-19,9803.81
2017-06-18,20861.45
2017-06-17,30718.92
2017-06-16,23495.09
2017-06-15,24045.24
2017-06-14,17640.92
2017-06-13,15628.87
2017-06-12,17412.45
2017-06-11,24099.48
2017-06-10,29619.28
2017-06-09,27523.99
2017-06-08,25962.22
2017-06-07,17810.14
2017-06-06,11874.76
2017-06-05,15834.04
2017-06-04,8935.22
2017-06-03,19385.13
2017-06-02,18040.27
2017-06-01,19572.76
2017-05-31,15730.78
2017-05-30,10661.83
2017-05-29,11228.65
2017-05-28,7516.24
2017-05-27,7768.8
2017-05-26,16995.02
2017-05-25,19883.2
2017-05-24,7512.05
2017-05-23,8140.28
2017-05-22,4779.76
2017-05-21,19682.66
2017-05-20,23455.5
2017-05-19,20012.41
2017-05-18,12255.99
2017-05-17,14789.36
2017-05-16,11111.62
2017-05-15,7852.02
2017-05-14,6478.37
2017-05-13,14721.71
2017-05-12,18995.93
2017-05-11,14511.31
2017-05-10,14250.28
2017-05-09,10902.17
2017-05-08,9421.01
2017-05-07,6058.15
2017-05-06,16615.88
2017-05-05,17238.11
2017-05-04,15338.69
2017-05-03,12867.73
2017-05-02,13133.71
2017-05-01,11426.45
2017-04-30,9112.85
2017-04-29,17060.52
2017-04-28,17638.13
2017-04-27,17625.61
2017-04-26,13726.29
2017-04-25,9306.27
2017-04-24,5793.19
2017-04-23,8313.95
2017-04-22,16376.21
2017-04-21,24569.51
2017-04-20,17809.69
2017-04-19,16137.13
2017-04-18,13825.07
2017-04-17,7723.03
2017-04-16,11116.59
2017-04-15,13860.83
2017-04-14,15345.66
2017-04-13,17937.14
2017-04-12,16645.93
2017-04-11,8613.98
2017-04-10,6191.27
2017-04-09,6745.92
2017-04-08,16132.77
2017-04-07,17484.64
2017-04-06,17330.91
2017-04-05,12511.16
2017-04-04,11704.01
2017-04-03,8161.75
2017-04-02,7017.11
2017-04-01,17961.59
2017-03-31,24082.93
2017-03-30,18799.37
2017-03-29,13275.99
2017-03-28,10771.01
2017-03-27,7588.69
2017-03-26,4512.32
2017-03-25,12352.14
2017-03-24,19858.43
2017-03-23,16567.94
2017-03-22,13053.41
2017-03-21,10894.8
2017-03-20,7246.45
2017-03-19,8388.05
2017-03-18,16721.79
2017-03-17,17199.89
2017-03-16,16056.86
2017-03-15,8617.59
2017-03-14,15308.11
2017-03-13,5522.04
2017-03-12,6096.57
2017-03-11,15541.09
2017-03-10,18073.1
2017-03-09,18042.21
2017-03-08,11887.54
2017-03-07,7999.41
2017-03-06,5875.85
2017-03-05,6569.02
2017-03-04,24605.28
2017-03-03,17484.79
2017-03-02,17631.03
2017-03-01,11974.88
2017-02-28,11670.15
2017-02-27,8244.86
2017-02-26,10503.97
2017-02-25,16292.6
2017-02-24,23005.56
2017-02-23,19499.15
2017-02-22,13997.56
2017-02-21,11922.02
2017-02-20,6561.07
2017-02-19,11270.39
2017-02-18,0.0
2017-02-17,34235.72
2017-02-16,14829.43
2017-02-15,8916.57
2017-02-14,10984.05
2017-02-13,4230.75
2017-02-12,5278.79
2017-02-11,14479.9
2017-02-10,16236.28
2017-02-09,12790.8
2017-02-08,11630.27
2017-02-07,9753.24
2017-02-06,4042.32
2017-02-05,17381.21
2017-02-04,12114.26
2017-02-03,14419.14
2017-02-02,17909.26
2017-02-01,13164.66
2017-01-31,10025.85
2017-01-30,5414.4
2017-01-29,0.0
2017-01-28,18194.89
2017-01-27,15376.77
2017-01-26,18594.29
2017-01-25,17002.52
2017-01-24,10721.03
2017-01-23,7299.74
2017-01-22,9701.02
2017-01-21,14860.86
2017-01-20,16367.02
2017-01-19,13672.19
2017-01-18,13493.55
2017-01-17,8341.81
2017-01-16,9102.75
2017-01-15,8961.3
2017-01-14,15599.52
2017-01-13,16650.46
2017-01-12,17344.32
2017-01-11,10277.3
2017-01-10,8840.85
2017-01-09,10893.99
2017-01-08,10108.93
2017-01-07,15781.4
2017-01-06,13358.14
2017-01-05,12754.19
2017-01-04,12937.95
2017-01-03,7543.93
2017-01-02,8602.19
2017-01-01,0.0
2016-12-31,13891.61
2016-12-30,18648.26
2016-12-29,13565.71
2016-12-28,16082.04
2016-12-27,13866.42
2016-12-26,10377.49
2016-12-25,0.0
2016-12-24,11275.47
2016-12-23,21162.53
2016-12-22,23001.74
2016-12-21,19944.71
2016-12-20,15248.53
2016-12-19,10567.92
2016-12-18,11893.99
2016-12-17,19291.42
2016-12-16,22237.69
2016-12-15,17324.22
2016-12-14,16082.44
2016-12-13,12355.52
2016-12-12,17010.61
2016-12-11,15003.6
2016-12-10,22244.23
2016-12-09,22286.67
2016-12-08,18430.02
2016-12-07,13285.27
2016-12-06,14196.17
2016-12-05,10767.38
2016-12-04,13874.21
2016-12-03,19631.91
2016-12-02,19847.07
2016-12-01,20704.67
2016-11-30,16050.82
2016-11-29,11734.43
2016-11-28,7756.9
2016-11-27,6031.79
2016-11-26,15156.34
2016-11-25,17436.22
2016-11-24,20479.35
2016-11-23,12806.78
2016-11-22,17109.55
2016-11-21,8449.15
2016-11-20,6901.86
2016-11-19,20189.88
2016-11-18,19257.45
2016-11-17,15965.48
2016-11-16,12676.2
2016-11-15,11194.72
2016-11-14,6737.14
2016-11-13,10407.35
2016-11-12,20896.28
2016-11-11,15064.12
2016-11-10,17928.61
2016-11-09,13378.7
2016-11-08,16627.67
2016-11-07,9040.11
2016-11-06,8494.72
2016-11-05,15166.35
2016-11-04,20605.6
2016-11-03,14441.83
2016-11-02,17969.99
2016-11-01,11303.25
2016-10-31,5916.71
2016-10-30,10726.01
2016-10-29,14183.33
2016-10-28,21594.25
2016-10-27,19320.64
2016-10-26,17378.71
2016-10-25,9480.87
2016-10-24,11169.0
2016-10-23,10685.87
2016-10-22,16053.38
2016-10-21,18956.06
2016-10-20,18575.62
2016-10-19,14144.68
2016-10-18,13881.79
2016-10-17,11049.17
2016-10-16,2.5
2016-10-15,0.0
2016-10-14,5454.63
2016-10-13,7146.86
2016-10-12,0.0
2016-10-11,7495.55
2016-10-09,0.0
